created_at,id_str,user__id_str,user__screen_name,collection_date,soft_intervention,hard_intervention,soft_intervention_label,soft_intervention_url,hard_intervention_text,hard_intervention_action_label,hard_intervention_url
2020-12-25 00:16:08,1342262819505512448,1214272615021285381,AC4Congress2020,2020-12-31 00:00:00,False,False,,,,,
2020-12-25 21:07:37,1342577762675130369,1214272615021285381,AC4Congress2020,2020-12-31 00:00:00,False,False,,,,,
2020-12-25 00:16:06,1342262807757279237,1214272615021285381,AC4Congress2020,2021-01-03 00:00:00,False,False,,,,,
2020-12-25 00:16:04,1342262801922994176,1214272615021285381,AC4Congress2020,2020-12-31 00:00:00,False,False,,,,,
2020-12-25 17:40:39,1342525677254320128,274440617,ACampaNajjar,2020-12-30 00:00:00,False,False,,,,,
2020-12-25 17:20:00,1342520481396772865,133028836,AdamSchiff,2020-12-31 00:00:00,False,False,,,,,
2020-12-25 03:51:37,1342317046340624384,870453485984129028,AjaforCongress,2021-01-01 00:00:00,False,False,,,,,
2020-12-25 00:02:34,1342259402187784192,870453485984129028,AjaforCongress,2020-12-30 00:00:00,False,False,,,,,
2020-12-25 16:07:30,1342502236425883648,870453485984129028,AjaforCongress,2020-12-30 00:00:00,False,False,,,,,
2020-12-25 23:37:37,1342615510911860736,870453485984129028,AjaforCongress,2020-12-31 00:00:00,False,False,,,,,
2020-12-25 15:41:58,1342495809766506496,870453485984129028,AjaforCongress,2021-01-03 00:00:00,False,False,,,,,
2020-12-25 15:52:19,1342498416329289728,870453485984129028,AjaforCongress,2020-12-30 00:00:00,False,False,,,,,
2020-12-25 06:22:07,1342354920431742976,870453485984129028,AjaforCongress,2020-12-30 00:00:00,False,False,,,,,
2020-12-25 18:25:47,1342537035937148928,41017380,AlanGrayson,2020-12-30 00:00:00,False,False,,,,,
2020-12-25 19:29:34,1342553089459548166,41017380,AlanGrayson,2020-12-31 00:00:00,False,False,,,,,
2020-12-25 20:07:37,1342562663159762944,41017380,AlanGrayson,2021-01-04 00:00:00,False,False,,,,,
2020-12-25 23:49:06,1342618404415545345,1719302509,AlanMCohn,2021-01-02 00:00:00,False,False,,,,,
2020-12-25 02:25:36,1342295397352542208,25919401,AllenLEllison,2020-12-31 00:00:00,False,False,,,,,
2020-12-25 14:30:32,1342477835743735810,25919401,AllenLEllison,2020-12-30 00:00:00,False,False,,,,,
2020-12-25 21:57:19,1342590271989682180,25919401,AllenLEllison,2020-12-30 00:00:00,False,False,,,,,
2020-12-25 00:45:47,1342270277896577025,25919401,AllenLEllison,2020-12-30 00:00:00,False,False,,,,,
2020-12-25 16:33:38,1342508814269095938,25919401,AllenLEllison,2020-12-31 00:00:00,False,False,,,,,
2020-12-25 02:16:23,1342293081345978368,25919401,AllenLEllison,2020-12-30 00:00:00,False,False,,,,,
2020-12-25 15:02:00,1342485752962195459,2991360032,AndyBeshearKY,2021-01-02 00:00:00,False,False,,,,,
2020-12-25 22:58:00,1342605541743489024,2991360032,AndyBeshearKY,2020-12-30 00:00:00,False,False,,,,,
2020-12-25 16:12:02,1342503376727191553,2991360032,AndyBeshearKY,2020-12-30 00:00:00,False,False,,,,,
2020-12-25 13:19:25,1342459935804846082,27915028,AntonioSabatoJr,2020-12-30 00:00:00,False,False,,,,,
2020-12-25 16:16:24,1342504475513278469,27915028,AntonioSabatoJr,2020-12-30 00:00:00,False,False,,,,,
2020-12-25 13:50:47,1342467832152543232,27915028,AntonioSabatoJr,2020-12-30 00:00:00,False,False,,,,,
2020-12-25 13:55:47,1342469089072177152,27915028,AntonioSabatoJr,2020-12-30 00:00:00,False,False,,,,,
2020-12-25 05:29:41,1342341724602052608,27915028,AntonioSabatoJr,2020-12-30 00:00:00,False,False,,,,,
2020-12-25 05:45:25,1342345684998115328,27915028,AntonioSabatoJr,2020-12-31 00:00:00,False,False,,,,,
2020-12-25 01:07:48,1342275821227175936,27915028,AntonioSabatoJr,2020-12-30 00:00:00,False,False,,,,,
2020-12-25 15:28:39,1342492461348892676,1225469439698702338,ArmendarizDis16,2021-01-01 00:00:00,False,False,,,,,
2020-12-25 00:00:00,1342258756588072962,269992801,AsaHutchinson,2020-12-31 00:00:00,False,False,,,,,
2020-12-25 15:30:00,1342492798868541440,269992801,AsaHutchinson,2020-12-31 00:00:00,False,False,,,,,
2020-12-25 22:50:55,1342603762125443073,269992801,AsaHutchinson,2021-01-03 00:00:00,False,False,,,,,
2020-12-25 20:35:21,1342569644138389506,31013444,AyannaPressley,2020-12-30 00:00:00,False,False,,,,,
2020-12-25 15:56:25,1342499447087878144,831308549372260352,BWestbrookAZ8,2020-12-30 00:00:00,False,False,,,,,
2020-12-25 17:13:17,1342518790806884352,831308549372260352,BWestbrookAZ8,2020-12-31 00:00:00,False,False,,,,,
2020-12-25 15:56:26,1342499450770448386,831308549372260352,BWestbrookAZ8,2020-12-31 00:00:00,False,False,,,,,
2020-12-25 18:16:59,1342534823819182081,831308549372260352,BWestbrookAZ8,2020-12-31 00:00:00,False,False,,,,,
2020-12-25 15:56:26,1342499452800495617,831308549372260352,BWestbrookAZ8,2021-01-04 00:00:00,False,False,,,,,
2020-12-25 14:00:56,1342470385430880258,2249022318,Babin4Congress,2020-12-31 00:00:00,False,False,,,,,
2020-12-25 00:01:40,1342259178711216128,813286,BarackObama,2020-12-30 00:00:00,False,False,,,,,
2020-12-25 00:16:15,1342262848454537217,1117898546055761920,BarnettforAZ,2020-12-30 00:00:00,False,False,,,,,
2020-12-25 22:39:30,1342600887944896512,1117898546055761920,BarnettforAZ,2020-12-30 00:00:00,False,False,,,,,
2020-12-25 21:30:31,1342583526764335105,1117898546055761920,BarnettforAZ,2020-12-31 00:00:00,False,False,,,,,
2020-12-25 00:08:18,1342260844898357248,1117898546055761920,BarnettforAZ,2020-12-30 00:00:00,False,False,,,,,
2020-12-25 00:09:49,1342261226269642753,1117898546055761920,BarnettforAZ,2020-12-30 00:00:00,False,False,,,,,
2020-12-25 23:31:36,1342613996713734149,1117898546055761920,BarnettforAZ,2020-12-31 00:00:00,False,False,,,,,
2020-12-25 00:09:11,1342261069155246081,1117898546055761920,BarnettforAZ,2020-12-31 00:00:00,False,False,,,,,
2020-12-25 22:30:43,1342598677206974465,1117898546055761920,BarnettforAZ,2021-01-02 00:00:00,False,False,,,,,
2020-12-25 22:55:58,1342605031074267136,1117898546055761920,BarnettforAZ,2020-12-30 00:00:00,False,False,,,,,
2020-12-25 02:04:48,1342290166312960000,1117898546055761920,BarnettforAZ,2020-12-30 00:00:00,False,False,,,,,
2020-12-25 05:13:58,1342337768274407427,1117898546055761920,BarnettforAZ,2020-12-29 00:00:00,False,False,,,,,
2020-12-25 22:40:06,1342601038822424576,1117898546055761920,BarnettforAZ,2021-01-02 00:00:00,False,False,,,,,
2020-12-25 22:28:35,1342598141195898880,1117898546055761920,BarnettforAZ,2020-12-31 00:00:00,False,False,,,,,
2020-12-25 01:53:52,1342287411359801346,1117898546055761920,BarnettforAZ,2021-01-04 00:00:00,False,False,,,,,
2020-12-25 00:24:44,1342264982025760768,1117898546055761920,BarnettforAZ,2021-01-04 00:00:00,False,False,,,,,
2020-12-25 22:18:50,1342595685972025344,1117898546055761920,BarnettforAZ,2020-12-31 00:00:00,False,False,,,,,
2020-12-25 21:10:30,1342578490202349571,1117898546055761920,BarnettforAZ,2020-12-30 00:00:00,False,False,,,,,
2020-12-25 02:53:51,1342302509583523841,74054398,BarryMoore,2021-01-01 00:00:00,False,False,,,,,
2020-12-25 13:55:49,1342469098253529088,74054398,BarryMoore,2020-12-31 00:00:00,False,False,,,,,
2020-12-25 15:00:27,1342485364695564288,828997388920619008,BetsyDeVosED,2021-01-04 00:00:00,False,False,,,,,
2020-12-25 23:03:45,1342606988685930496,55677432,BillCassidy,2021-01-03 00:00:00,False,False,,,,,
2020-12-25 15:22:49,1342490993875185666,1152598802873880576,BillHagertyTN,2020-12-30 00:00:00,False,False,,,,,
2020-12-25 23:18:15,1342610638120636419,1152598802873880576,BillHagertyTN,2020-12-30 00:00:00,False,False,,,,,
2020-12-25 13:59:00,1342469897905909760,1152598802873880576,BillHagertyTN,2020-12-30 00:00:00,False,False,,,,,
2020-12-25 00:25:02,1342265059364450304,1152598802873880576,BillHagertyTN,2020-12-31 00:00:00,False,False,,,,,
2020-12-25 21:33:57,1342584389100838914,74508260,BillPascrell,2021-01-03 00:00:00,False,False,,,,,
2020-12-25 01:33:22,1342282253834072064,74508260,BillPascrell,2020-12-30 00:00:00,False,False,,,,,
2020-12-25 00:32:52,1342267029991124994,74508260,BillPascrell,2020-12-30 00:00:00,False,False,,,,,
2020-12-25 12:48:22,1342452123951378432,1223772796674871302,BillforPA14,2021-01-04 00:00:00,False,False,,,,,
2020-12-25 15:56:47,1342499541367586816,2282437802,BostForCongress,2021-01-01 00:00:00,False,False,,,,,
2020-12-25 21:34:12,1342584453047201792,30216513,BradSherman,2020-12-30 00:00:00,False,False,,,,,
2020-12-25 13:33:45,1342463543917080577,47437206,BrianKempGA,2021-01-02 00:00:00,False,False,,,,,
2020-12-25 13:33:45,1342463542751072257,47437206,BrianKempGA,2020-12-30 00:00:00,False,False,,,,,
2020-12-25 16:49:28,1342512798207778821,17264476,BriannaWu,2020-12-31 00:00:00,False,False,,,,,
2020-12-25 13:49:44,1342467568389468162,17264476,BriannaWu,2021-01-04 00:00:00,False,False,,,,,
2020-12-25 16:46:39,1342512088539947008,17264476,BriannaWu,2020-12-31 00:00:00,False,False,,,,,
2020-12-25 01:23:30,1342279771342966784,17264476,BriannaWu,2020-12-31 00:00:00,False,False,,,,,
2020-12-25 01:24:47,1342280092223942658,17264476,BriannaWu,2021-01-04 00:00:00,False,False,,,,,
2020-12-25 04:05:52,1342320632789348352,17264476,BriannaWu,2020-12-30 00:00:00,False,False,,,,,
2020-12-25 03:31:59,1342312103688998913,17264476,BriannaWu,2020-12-31 00:00:00,False,False,,,,,
2020-12-25 22:35:24,1342599855831736321,34959770,BuckForColorado,2020-12-31 00:00:00,False,False,,,,,
2020-12-25 16:45:11,1342511720825282560,779104195,BurgessOwens,2020-12-30 00:00:00,False,False,,,,,
2020-12-25 01:16:20,1342277968865841153,779104195,BurgessOwens,2020-12-30 00:00:00,False,False,,,,,
2020-12-25 01:23:30,1342279772680802305,15986949,BuzzPatterson,2020-12-30 00:00:00,False,False,,,,,
2020-12-25 20:10:34,1342563405928886272,15986949,BuzzPatterson,2020-12-30 00:00:00,False,False,,,,,
2020-12-25 03:47:16,1342315952168259584,15986949,BuzzPatterson,2020-12-30 00:00:00,False,False,,,,,
2020-12-25 19:13:13,1342548975723761664,15986949,BuzzPatterson,2020-12-31 00:00:00,False,False,,,,,
2020-12-25 00:59:01,1342273608366747648,15986949,BuzzPatterson,2020-12-30 00:00:00,False,False,,,,,
2020-12-25 17:58:27,1342530157651787776,15986949,BuzzPatterson,2020-12-30 00:00:00,False,False,,,,,
2020-12-25 23:42:04,1342616634054172673,15986949,BuzzPatterson,2020-12-30 00:00:00,False,False,,,,,
2020-12-25 01:44:09,1342284969972912128,15986949,BuzzPatterson,2020-12-30 00:00:00,False,False,,,,,
2020-12-25 00:56:33,1342272988679262209,15986949,BuzzPatterson,2020-12-31 00:00:00,False,False,,,,,
2020-12-25 01:01:18,1342274184412495872,15986949,BuzzPatterson,2020-12-30 00:00:00,False,False,,,,,
2020-12-25 19:13:44,1342549103092195328,15986949,BuzzPatterson,2020-12-30 00:00:00,False,False,,,,,
2020-12-25 20:28:45,1342567982581514240,15986949,BuzzPatterson,2020-12-31 00:00:00,False,False,,,,,
2020-12-25 23:11:36,1342608966837104640,15986949,BuzzPatterson,2020-12-31 00:00:00,False,False,,,,,
2020-12-25 12:47:05,1342451801572958211,96015533,ByronDonalds,2020-12-30 00:00:00,False,False,,,,,
2020-12-25 15:43:32,1342496204433846272,7039122,CRNC,2020-12-31 00:00:00,False,False,,,,,
2020-12-25 15:26:07,1342491824422756352,65707359,CaptMarkKelly,2020-12-30 00:00:00,False,False,,,,,
2020-12-25 20:19:46,1342565721843253249,1211527086373949440,CargileFor,2020-12-30 00:00:00,False,False,,,,,
2020-12-25 20:42:27,1342571429246558208,1211527086373949440,CargileFor,2021-01-01 00:00:00,False,False,,,,,
2020-12-25 14:15:48,1342474127958016006,2237925464,CarlForAlabama,2020-12-31 00:00:00,False,False,,,,,
2020-12-25 18:43:28,1342541488463503361,1217185399166074885,CarlosGimenezFL,2020-12-31 00:00:00,False,False,,,,,
2020-12-25 23:55:20,1342619971654877184,881222783170228224,Carolyn4GA7,2020-12-30 00:00:00,False,False,,,,,
2020-12-25 17:06:45,1342517147176742915,119250381,CarolynBMaloney,2020-12-31 00:00:00,False,False,,,,,
2020-12-25 05:44:44,1342345511148412930,3320699257,Casper4Colorado,2020-12-31 00:00:00,False,False,,,,,
2020-12-25 05:23:47,1342340240300769280,3320699257,Casper4Colorado,2020-12-30 00:00:00,False,False,,,,,
2020-12-25 17:58:09,1342530083953717248,1207874097251639296,CawthornforNC,2020-12-30 00:00:00,False,False,,,,,
2020-12-25 15:05:05,1342486530389106688,1207874097251639296,CawthornforNC,2020-12-30 00:00:00,False,False,,,,,
2020-12-25 02:00:26,1342289067891961857,1207874097251639296,CawthornforNC,2020-12-29 00:00:00,False,False,,,,,
2020-12-25 15:19:07,1342490059837210630,142419647,CedricRichmond,2020-12-31 00:00:00,False,False,,,,,
2020-12-25 01:53:43,1342287375242850309,907995696443392000,CelesteforAR,2021-01-03 00:00:00,False,False,,,,,
2020-12-25 16:14:49,1342504079784882179,15324851,ChrisCoons,2020-12-30 00:00:00,False,False,,,,,
2020-12-25 18:06:01,1342532062604103681,150078976,ChrisMurphyCT,2020-12-30 00:00:00,False,False,,,,,
2020-12-25 13:08:28,1342457182512689152,489475164,ColMorrisDavis,2020-12-31 00:00:00,False,False,,,,,
2020-12-25 00:17:04,1342263052444585985,489475164,ColMorrisDavis,2020-12-31 00:00:00,False,False,,,,,
2020-12-25 18:35:04,1342539372349059073,814179031956488192,CongressmanRaja,2021-01-01 00:00:00,False,False,,,,,
2020-12-25 15:35:07,1342494087367319554,814179031956488192,CongressmanRaja,2020-12-30 00:00:00,False,False,,,,,
2020-12-25 23:30:09,1342613632610426881,814179031956488192,CongressmanRaja,2020-12-31 00:00:00,False,False,,,,,
2020-12-25 00:40:02,1342268831922876417,814179031956488192,CongressmanRaja,2020-12-31 00:00:00,False,False,,,,,
2020-12-25 16:40:04,1342510433421430784,814179031956488192,CongressmanRaja,2021-01-02 00:00:00,False,False,,,,,
2020-12-25 14:30:36,1342477853099700224,814179031956488192,CongressmanRaja,2020-12-30 00:00:00,False,False,,,,,
2020-12-25 22:50:02,1342603537767936001,814179031956488192,CongressmanRaja,2021-01-02 00:00:00,False,False,,,,,
2020-12-25 20:30:11,1342568345086922752,814179031956488192,CongressmanRaja,2020-12-30 00:00:00,False,False,,,,,
2020-12-25 19:25:03,1342551953738444806,814179031956488192,CongressmanRaja,2020-12-30 00:00:00,False,False,,,,,
2020-12-25 17:25:05,1342521761770962944,814179031956488192,CongressmanRaja,2021-01-03 00:00:00,False,False,,,,,
2020-12-25 21:40:02,1342585921141682181,814179031956488192,CongressmanRaja,2020-12-31 00:00:00,False,False,,,,,
2020-12-25 15:35:18,1342494134666457090,4696552878,CoriBush,2020-12-29 00:00:00,False,False,,,,,
2020-12-25 23:41:53,1342616584817356801,4696552878,CoriBush,2020-12-30 00:00:00,False,False,,,,,
2020-12-25 14:18:58,1342474922224922624,15808765,CoryBooker,2020-12-30 00:00:00,False,False,,,,,
2020-12-25 01:05:43,1342275296226111488,41981259,DCfegan,2020-12-31 00:00:00,False,False,,,,,
2020-12-25 01:05:10,1342275157176557568,1237911282440982528,DHarshbargerTN1,2020-12-31 00:00:00,False,False,,,,,
2020-12-25 22:21:49,1342596436018548736,1237911282440982528,DHarshbargerTN1,2021-01-03 00:00:00,False,False,,,,,
2020-12-25 19:52:54,1342558961975877636,23362152,DanNewsManBall,2020-12-31 00:00:00,False,False,,,,,
2020-12-25 03:28:24,1342311203175985153,48219458,DaveMinCA,2021-01-01 00:00:00,False,False,,,,,
2020-12-25 20:17:01,1342565028550082561,1458593407,DavidSandbeck,2020-12-31 00:00:00,False,False,,,,,
2020-12-25 13:16:01,1342459082934988802,4381665136,DeanBrowningPA,2021-01-01 00:00:00,False,False,,,,,
2020-12-25 20:53:12,1342574137571733504,4381665136,DeanBrowningPA,2020-12-30 00:00:00,False,False,,,,,
2020-12-25 13:54:55,1342468871719157763,4381665136,DeanBrowningPA,2020-12-30 00:00:00,False,False,,,,,
2020-12-25 10:25:26,1342416151293394944,4381665136,DeanBrowningPA,2020-12-31 00:00:00,False,False,,,,,
2020-12-25 23:47:51,1342618086684454913,4381665136,DeanBrowningPA,2020-12-31 00:00:00,False,False,,,,,
2020-12-25 17:00:36,1342515600040538113,4381665136,DeanBrowningPA,2020-12-30 00:00:00,False,False,,,,,
2020-12-25 17:14:57,1342519210849796101,4381665136,DeanBrowningPA,2020-12-31 00:00:00,False,False,,,,,
2020-12-25 12:22:41,1342445661065801728,4381665136,DeanBrowningPA,2021-01-02 00:00:00,False,False,,,,,
2020-12-25 13:46:05,1342466646770855937,4381665136,DeanBrowningPA,2020-12-30 00:00:00,False,False,,,,,
2020-12-25 13:33:43,1342463537021657088,4381665136,DeanBrowningPA,2020-12-30 00:00:00,False,False,,,,,
2020-12-25 18:17:04,1342534844602048513,2361650234,DebDingell,2020-12-30 00:00:00,False,False,,,,,
2020-12-25 15:00:03,1342485261578604545,286476728,DebHaalandNM,2020-12-30 00:00:00,False,False,,,,,
2020-12-25 00:44:57,1342270068529516547,286476728,DebHaalandNM,2020-12-30 00:00:00,False,False,,,,,
2020-12-25 15:11:52,1342488237579923456,34715823,DebbieLesko,2020-12-30 00:00:00,False,False,,,,,
2020-12-25 14:40:16,1342480286194540544,829061809135030272,DelgadoforNY19,2021-01-02 00:00:00,False,False,,,,,
2020-12-25 19:45:24,1342557073440178176,1067184143774162944,DetmerMike,2020-12-31 00:00:00,False,False,,,,,
2020-12-25 13:45:20,1342466457838481410,93351287,DevinPandy,2021-01-03 00:00:00,False,False,,,,,
2020-12-25 23:23:43,1342612013059596288,3472073657,DrDHennen,2020-12-30 00:00:00,False,False,,,,,
2020-12-25 13:17:24,1342459429581676545,3472073657,DrDHennen,2020-12-31 00:00:00,False,False,,,,,
2020-12-25 01:04:00,1342274863743033344,1651522832,DrDenaGrayson,2020-12-30 00:00:00,False,False,,,,,
2020-12-25 16:46:27,1342512039034580993,1651522832,DrDenaGrayson,2020-12-30 00:00:00,False,False,,,,,
2020-12-25 07:05:20,1342365794521538562,18831926,DrEricDing,2020-12-30 00:00:00,False,False,,,,,
2020-12-25 03:21:42,1342309515455328258,18831926,DrEricDing,2020-12-30 00:00:00,False,False,,,,,
2020-12-25 02:06:29,1342290586645233664,18831926,DrEricDing,2020-12-30 00:00:00,False,False,,,,,
2020-12-25 03:24:43,1342310276541112320,18831926,DrEricDing,2020-12-30 00:00:00,False,False,,,,,
2020-12-25 02:19:47,1342293933687189514,18831926,DrEricDing,2020-12-30 00:00:00,False,False,,,,,
2020-12-25 04:32:32,1342327341276655617,18831926,DrEricDing,2020-12-30 00:00:00,False,False,,,,,
2020-12-25 06:37:44,1342358852856119297,18831926,DrEricDing,2020-12-31 00:00:00,False,False,,,,,
2020-12-25 03:01:41,1342304480696684551,18831926,DrEricDing,2020-12-30 00:00:00,False,False,,,,,
2020-12-25 04:54:09,1342332784287899649,18831926,DrEricDing,2020-12-30 00:00:00,False,False,,,,,
2020-12-25 04:37:17,1342328537290838016,18831926,DrEricDing,2020-12-30 00:00:00,False,False,,,,,
2020-12-25 07:41:08,1342374803957833729,18831926,DrEricDing,2020-12-30 00:00:00,False,False,,,,,
2020-12-25 08:38:42,1342389291842990082,18831926,DrEricDing,2020-12-30 00:00:00,False,False,,,,,
2020-12-25 06:34:08,1342357943275151360,18831926,DrEricDing,2020-12-30 00:00:00,False,False,,,,,
2020-12-25 04:22:50,1342324902020452353,18831926,DrEricDing,2020-12-30 00:00:00,False,False,,,,,
2020-12-25 06:36:18,1342358490111762432,18831926,DrEricDing,2020-12-30 00:00:00,False,False,,,,,
2020-12-25 02:55:20,1342302883673481217,18831926,DrEricDing,2020-12-31 00:00:00,False,False,,,,,
2020-12-25 08:33:15,1342387919424782336,18831926,DrEricDing,2021-01-03 00:00:00,False,False,,,,,
2020-12-25 02:10:11,1342291519466860544,18831926,DrEricDing,2020-12-30 00:00:00,False,False,,,,,
2020-12-25 07:17:53,1342368955751673857,18831926,DrEricDing,2020-12-30 00:00:00,False,False,,,,,
2020-12-25 02:14:05,1342292502452326400,18831926,DrEricDing,2020-12-30 00:00:00,False,False,,,,,
2020-12-25 04:51:15,1342332054894235648,18831926,DrEricDing,2020-12-30 00:00:00,False,False,,,,,
2020-12-25 11:54:31,1342438570653589504,18831926,DrEricDing,2020-12-30 00:00:00,False,False,,,,,
2020-12-25 06:25:38,1342355806994522113,18831926,DrEricDing,2020-12-31 00:00:00,False,False,,,,,
2020-12-25 07:19:53,1342369457822425088,18831926,DrEricDing,2020-12-30 00:00:00,False,False,,,,,
2020-12-25 05:52:20,1342347424149417985,18831926,DrEricDing,2021-01-04 00:00:00,False,False,,,,,
2020-12-25 03:23:13,1342309901092192257,18831926,DrEricDing,2020-12-30 00:00:00,False,False,,,,,
2020-12-25 20:29:37,1342568201977278464,18831926,DrEricDing,2020-12-30 00:00:00,False,False,,,,,
2020-12-25 04:25:10,1342325491093614592,18831926,DrEricDing,2020-12-31 00:00:00,False,False,,,,,
2020-12-25 06:26:44,1342356082539327488,18831926,DrEricDing,2020-12-30 00:00:00,False,False,,,,,
2020-12-25 04:21:02,1342324449702510594,18831926,DrEricDing,2020-12-30 00:00:00,False,False,,,,,
2020-12-25 06:36:18,1342358491558785025,18831926,DrEricDing,2020-12-30 00:00:00,False,False,,,,,
2020-12-25 20:33:02,1342569061012688899,18831926,DrEricDing,2020-12-31 00:00:00,False,False,,,,,
2020-12-25 06:48:38,1342361593418539008,18831926,DrEricDing,2020-12-30 00:00:00,False,False,,,,,
2020-12-25 02:07:47,1342290915122155521,18831926,DrEricDing,2020-12-30 00:00:00,False,False,,,,,
2020-12-25 07:31:22,1342372346414460929,18831926,DrEricDing,2020-12-30 00:00:00,False,False,,,,,
2020-12-25 02:00:34,1342289099793833984,18831926,DrEricDing,2020-12-30 00:00:00,False,False,,,,,
2020-12-25 20:31:07,1342568580110569474,18831926,DrEricDing,2020-12-31 00:00:00,False,False,,,,,
2020-12-25 04:29:23,1342326551040425985,18831926,DrEricDing,2020-12-31 00:00:00,False,False,,,,,
2020-12-25 14:01:16,1342470468578717697,93412074,DrMarkGreen4TN,2021-01-04 00:00:00,False,False,,,,,
2020-12-25 00:05:28,1342260135138365440,872148729184362497,DrPaulGosar,2020-12-30 00:00:00,False,False,,,,,
2020-12-25 00:46:15,1342270395878170624,872148729184362497,DrPaulGosar,2020-12-30 00:00:00,False,False,,,,,
2020-12-25 04:32:08,1342327244270796800,872148729184362497,DrPaulGosar,2020-12-30 00:00:00,False,False,,,,,
2020-12-25 17:10:56,1342518199951233026,872148729184362497,DrPaulGosar,2020-12-30 00:00:00,False,False,,,,,
2020-12-25 00:41:46,1342269267950112768,872148729184362497,DrPaulGosar,2020-12-30 00:00:00,False,False,,,,,
2020-12-25 00:14:28,1342262396526718977,28731208,Dude4Liberty,2021-01-01 00:00:00,False,False,,,,,
2020-12-25 00:10:01,1342261279415820289,28731208,Dude4Liberty,2021-01-04 00:00:00,False,False,,,,,
2020-12-25 02:54:58,1342302788349538304,28731208,Dude4Liberty,2021-01-02 00:00:00,False,False,,,,,
2020-12-25 00:12:38,1342261936206073856,28731208,Dude4Liberty,2020-12-31 00:00:00,False,False,,,,,
2020-12-25 18:16:13,1342534631074246662,28731208,Dude4Liberty,2020-12-31 00:00:00,False,False,,,,,
2020-12-25 22:52:33,1342604169627148288,105290638,Ed4Colorado,2021-01-02 00:00:00,False,False,,,,,
2020-12-25 14:57:27,1342484607850188802,1129029661,EdMarkey,2020-12-31 00:00:00,False,False,,,,,
2020-12-25 13:00:01,1342455054050029568,950111395378597888,ElaineLuriaVA,2021-01-01 00:00:00,False,False,,,,,
2020-12-25 14:21:39,1342475597528895493,165172022,ElectQuinn,2020-12-30 00:00:00,False,False,,,,,
2020-12-25 14:16:57,1342474415129374720,109579534,EliseStefanik,2020-12-30 00:00:00,False,False,,,,,
2020-12-25 19:35:11,1342554503115993089,935580000312426497,ElizabethHeng,2021-01-03 00:00:00,False,False,,,,,
2020-12-25 06:52:21,1342362528337154048,16669896,Ellars,2020-12-31 00:00:00,False,False,,,,,
2020-12-25 22:55:28,1342604904171413504,1177439542921445377,EricG1247,2020-12-31 00:00:00,False,False,,,,,
2020-12-25 02:28:08,1342296038632083456,1177439542921445377,EricG1247,2020-12-30 00:00:00,False,False,,,,,
2020-12-25 22:36:27,1342600119158407168,1092037021432897537,ErrolWebber,2020-12-31 00:00:00,False,False,,,,,
2020-12-25 02:55:27,1342302910542016512,1092037021432897537,ErrolWebber,2020-12-30 00:00:00,False,False,,,,,
2020-12-25 07:41:05,1342374794063319040,1092037021432897537,ErrolWebber,2020-12-30 00:00:00,False,False,,,,,
2020-12-25 13:43:13,1342465926004961280,1092037021432897537,ErrolWebber,2020-12-30 00:00:00,False,False,,,,,
2020-12-25 18:40:53,1342540837893197825,1092037021432897537,ErrolWebber,2020-12-30 00:00:00,False,False,,,,,
2020-12-25 14:00:33,1342470290962583552,1092037021432897537,ErrolWebber,2020-12-30 00:00:00,False,False,,,,,
2020-12-25 16:13:39,1342503784153559049,1169399788539928576,FitzgeraldForWI,2021-01-02 00:00:00,False,False,,,,,
2020-12-25 20:03:00,1342561501744406528,31801993,FrankPallone,2021-01-03 00:00:00,False,False,,,,,
2020-12-25 16:45:00,1342511673505161218,31801993,FrankPallone,2021-01-04 00:00:00,False,False,,,,,
2020-12-25 14:19:21,1342475019058819072,11134252,GOP,2020-12-31 00:00:00,False,False,,,,,
2020-12-25 17:14:13,1342519025071513600,19739126,GOPLeader,2020-12-30 00:00:00,False,False,,,,,
2020-12-25 15:00:00,1342485251189301253,4205133682,GReschenthaler,2021-01-03 00:00:00,False,False,,,,,
2020-12-25 19:43:47,1342556668387872775,145292853,GaryPeters,2020-12-30 00:00:00,False,False,,,,,
2020-12-25 02:43:22,1342299871911366659,11347122,GavinNewsom,2020-12-31 00:00:00,False,False,,,,,
2020-12-25 20:18:33,1342565418091745280,11347122,GavinNewsom,2020-12-30 00:00:00,False,False,,,,,
2020-12-25 00:51:26,1342271699966775297,850507814023942144,GeorgePapa19,2020-12-30 00:00:00,False,False,,,,,
2020-12-25 09:11:51,1342397634292563968,850507814023942144,GeorgePapa19,2020-12-29 00:00:00,False,False,,,,,
2020-12-25 15:03:44,1342486189413191682,78445977,GerryConnolly,2021-01-01 00:00:00,False,False,,,,,
2020-12-25 21:09:44,1342578297172058115,876894308309147650,GilCisnerosCA,2020-12-31 00:00:00,False,False,,,,,
2020-12-25 16:03:31,1342501232716480514,845749829401821184,GodfreyForOH16,2020-12-30 00:00:00,False,False,,,,,
2020-12-25 14:32:29,1342478325655203841,19291441,GovAbbott,2020-12-30 00:00:00,False,False,,,,,
2020-12-25 14:00:00,1342470150482620418,1192549822865297409,GovAndyBeshear,2021-01-01 00:00:00,False,False,,,,,
2020-12-25 22:58:00,1342605541630078976,1192549822865297409,GovAndyBeshear,2020-12-30 00:00:00,False,False,,,,,
2020-12-25 13:20:42,1342460260380979201,1084924525232513025,GovBillLee,2021-01-04 00:00:00,False,False,,,,,
2020-12-25 13:20:41,1342460258220797952,1084924525232513025,GovBillLee,2021-01-02 00:00:00,False,False,,,,,
2020-12-25 15:20:21,1342490371662770178,1084924525232513025,GovBillLee,2020-12-30 00:00:00,False,False,,,,,
2020-12-25 15:20:21,1342490372417720321,1084924525232513025,GovBillLee,2020-12-30 00:00:00,False,False,,,,,
2020-12-25 13:03:49,1342456010200526850,816282120767291392,GovChrisSununu,2020-12-31 00:00:00,False,False,,,,,
2020-12-25 19:00:01,1342545651087921155,1060655470178787328,GovDunleavy,2020-12-31 00:00:00,False,False,,,,,
2020-12-25 18:08:58,1342532806233235457,234896532,GovEvers,2020-12-30 00:00:00,False,False,,,,,
2020-12-25 15:27:08,1342492076743651338,60688326,GovHerbert,2021-01-04 00:00:00,False,False,,,,,
2020-12-25 17:03:24,1342516304566046722,1077214808,GovInslee,2020-12-30 00:00:00,False,False,,,,,
2020-12-25 15:59:21,1342500185973411842,1064659902071808000,GovKemp,2020-12-30 00:00:00,False,False,,,,,
2020-12-25 17:03:55,1342516435940220930,1064659902071808000,GovKemp,2020-12-31 00:00:00,False,False,,,,,
2020-12-25 14:28:25,1342477301678792705,2987671552,GovLarryHogan,2020-12-31 00:00:00,False,False,,,,,
2020-12-25 16:31:00,1342508150117855232,2987671552,GovLarryHogan,2020-12-30 00:00:00,False,False,,,,,
2020-12-25 12:02:00,1342440454391033856,2987671552,GovLarryHogan,2020-12-30 00:00:00,False,False,,,,,
2020-12-25 16:06:08,1342501892291780610,1040058893907513344,GovLauraKelly,2020-12-30 00:00:00,False,False,,,,,
2020-12-25 17:15:08,1342519259239366656,1070083706822438912,GovMLG,2021-01-02 00:00:00,False,False,,,,,
2020-12-25 18:23:00,1342536335790206978,18820392,GovMikeDeWine,2020-12-31 00:00:00,False,False,,,,,
2020-12-25 13:10:00,1342457566790447104,18820392,GovMikeDeWine,2020-12-31 00:00:00,False,False,,,,,
2020-12-25 23:31:23,1342613943475433473,948946378939609089,GovMurphy,2020-12-30 00:00:00,False,False,,,,,
2020-12-25 21:07:18,1342577684061286400,948946378939609089,GovMurphy,2020-12-31 00:00:00,False,False,,,,,
2020-12-25 15:43:55,1342496300659597312,948946378939609089,GovMurphy,2020-12-31 00:00:00,False,False,,,,,
2020-12-25 17:53:46,1342528979077652480,948946378939609089,GovMurphy,2020-12-30 00:00:00,False,False,,,,,
2020-12-25 14:16:59,1342474424889602049,948946378939609089,GovMurphy,2020-12-30 00:00:00,False,False,,,,,
2020-12-25 13:01:09,1342455342773522432,1076293903723233280,GovNedLamont,2020-12-30 00:00:00,False,False,,,,,
2020-12-25 15:23:00,1342491037353320450,1003672320781807616,GovParsonMO,2020-12-30 00:00:00,False,False,,,,,
2020-12-25 14:00:14,1342470210822025217,240778059,GovRaimondo,2020-12-31 00:00:00,False,False,,,,,
2020-12-25 15:10:24,1342487867721973762,2891165960,GovRicketts,2021-01-04 00:00:00,False,False,,,,,
2020-12-25 02:00:00,1342288958873485312,2891165960,GovRicketts,2020-12-30 00:00:00,False,False,,,,,
2020-12-25 15:10:24,1342487868929929217,2891165960,GovRicketts,2021-01-01 00:00:00,False,False,,,,,
2020-12-25 13:08:39,1342457228691984384,1058807868,GovRonDeSantis,2020-12-30 00:00:00,False,False,,,,,
2020-12-25 22:17:17,1342595298162597888,865210877678686208,GovStitt,2020-12-30 00:00:00,False,False,,,,,
2020-12-25 16:27:43,1342507323563122689,1064603540956565504,GovTimWalz,2020-12-30 00:00:00,False,False,,,,,
2020-12-25 13:34:22,1342463700326875137,19668491,GovernorKayIvey,2020-12-31 00:00:00,False,False,,,,,
2020-12-25 21:52:45,1342589122238500864,18906561,GovernorPerry,2020-12-30 00:00:00,False,False,,,,,
2020-12-25 01:50:03,1342286452843896833,18906561,GovernorPerry,2020-12-31 00:00:00,False,False,,,,,
2020-12-25 02:08:47,1342291168734932994,18906561,GovernorPerry,2021-01-01 00:00:00,False,False,,,,,
2020-12-25 16:20:30,1342505507471429637,104198706,GovernorVA,2020-12-31 00:00:00,False,False,,,,,
2020-12-25 16:20:37,1342505539004149761,571214272,Grace4NY,2020-12-30 00:00:00,False,False,,,,,
2020-12-25 21:11:37,1342578769089982468,90651198,GregAbbott_TX,2020-12-30 00:00:00,False,False,,,,,
2020-12-25 15:55:36,1342499241038639104,391445643,HaleyLive,2020-12-31 00:00:00,False,False,,,,,
2020-12-25 17:55:41,1342529461212782593,27789237,HarleyRouda,2021-01-04 00:00:00,False,False,,,,,
2020-12-25 02:20:05,1342294010308812805,2352629311,HawleyMO,2020-12-30 00:00:00,False,False,,,,,
2020-12-25 16:23:05,1342506158897168390,242926427,HerreraBeutler,2020-12-30 00:00:00,False,False,,,,,
2020-12-25 15:16:20,1342489360097304576,117839957,Hickenlooper,2020-12-30 00:00:00,False,False,,,,,
2020-12-25 14:59:36,1342485149443891201,1339835893,HillaryClinton,2020-12-30 00:00:00,False,False,,,,,
2020-12-25 15:09:21,1342487602910396416,1143052930473496578,HillaryMueri,2020-12-31 00:00:00,False,False,,,,,
2020-12-25 13:06:42,1342456738348478465,1143052930473496578,HillaryMueri,2021-01-04 00:00:00,False,False,,,,,
2020-12-25 21:33:18,1342584227729035266,376843909,HindlesKitchen,2020-12-30 00:00:00,False,False,,,,,
2020-12-25 18:31:18,1342538426105569280,376843909,HindlesKitchen,2020-12-30 00:00:00,False,False,,,,,
2020-12-25 22:07:09,1342592744196354055,43963249,HouseDemocrats,2020-12-30 00:00:00,False,False,,,,,
2020-12-25 17:14:31,1342519101474877442,43963249,HouseDemocrats,2020-12-31 00:00:00,False,False,,,,,
2020-12-25 13:25:00,1342461341630672899,15207668,HouseGOP,2020-12-31 00:00:00,False,False,,,,,
2020-12-25 20:36:46,1342570002092843008,941754604118831105,HuffmanForNC,2021-01-04 00:00:00,False,False,,,,,
2020-12-25 13:39:22,1342464958123151360,941754604118831105,HuffmanForNC,2020-12-30 00:00:00,False,False,,,,,
2020-12-25 06:29:12,1342356701761171456,941754604118831105,HuffmanForNC,2021-01-01 00:00:00,False,False,,,,,
2020-12-25 20:36:45,1342569996485058563,941754604118831105,HuffmanForNC,2020-12-30 00:00:00,False,False,,,,,
2020-12-25 20:36:47,1342570005360205826,941754604118831105,HuffmanForNC,2020-12-31 00:00:00,False,False,,,,,
2020-12-25 00:53:14,1342272153522212864,941754604118831105,HuffmanForNC,2020-12-31 00:00:00,False,False,,,,,
2020-12-25 03:57:58,1342318646144675840,941754604118831105,HuffmanForNC,2020-12-30 00:00:00,False,False,,,,,
2020-12-25 20:36:42,1342569983742763008,941754604118831105,HuffmanForNC,2020-12-30 00:00:00,False,False,,,,,
2020-12-25 04:00:34,1342319299382439942,941754604118831105,HuffmanForNC,2021-01-03 00:00:00,False,False,,,,,
2020-12-25 08:09:15,1342381880813842432,2355611766,IDJoe4Congress,2021-01-02 00:00:00,False,False,,,,,
2020-12-25 07:32:33,1342372645728178176,2355611766,IDJoe4Congress,2020-12-31 00:00:00,False,False,,,,,
2020-12-25 07:22:51,1342370204735524866,2355611766,IDJoe4Congress,2020-12-31 00:00:00,False,False,,,,,
2020-12-25 03:27:01,1342310855904358403,2355611766,IDJoe4Congress,2020-12-31 00:00:00,False,False,,,,,
2020-12-25 15:19:05,1342490053272956928,1082334352711790593,Ilhan,2020-12-30 00:00:00,False,False,,,,,
2020-12-25 15:05:05,1342486529848078336,783792992,IlhanMN,2020-12-30 00:00:00,False,False,,,,,
2020-12-25 21:04:57,1342577092211388416,783792992,IlhanMN,2020-12-30 00:00:00,False,False,,,,,
2020-12-25 19:56:11,1342559788081819649,783792992,IlhanMN,2020-12-30 00:00:00,False,False,,,,,
2020-12-25 02:35:51,1342297978258796546,783792992,IlhanMN,2020-12-30 00:00:00,False,False,,,,,
2020-12-25 20:56:50,1342575049618952193,292083207,IronStache,2020-12-31 00:00:00,False,False,,,,,
2020-12-25 01:02:51,1342274574797443073,887704019296276482,JDScholten,2020-12-30 00:00:00,False,False,,,,,
2020-12-25 05:47:57,1342346322100297733,887704019296276482,JDScholten,2020-12-30 00:00:00,False,False,,,,,
2020-12-25 16:39:42,1342510342086262785,887704019296276482,JDScholten,2020-12-31 00:00:00,False,False,,,,,
2020-12-25 01:19:55,1342278869982740481,1152568187097100288,JENFL23,2021-01-01 00:00:00,False,False,,,,,
2020-12-25 01:42:18,1342284503327404032,1152568187097100288,JENFL23,2021-01-01 00:00:00,False,False,,,,,
2020-12-25 03:14:18,1342307652991381505,1152568187097100288,JENFL23,2020-12-30 00:00:00,False,False,,,,,
2020-12-25 23:33:33,1342614488747544584,1152568187097100288,JENFL23,2021-01-02 00:00:00,False,False,,,,,
2020-12-25 23:32:14,1342614159809196033,1152568187097100288,JENFL23,2020-12-30 00:00:00,False,False,,,,,
2020-12-25 01:34:05,1342282436479168513,1152568187097100288,JENFL23,2020-12-31 00:00:00,False,False,,,,,
2020-12-25 03:13:15,1342307391757557761,1152568187097100288,JENFL23,2020-12-30 00:00:00,False,False,,,,,
2020-12-25 17:31:34,1342523393854345216,1152568187097100288,JENFL23,2021-01-03 00:00:00,False,False,,,,,
2020-12-25 15:21:56,1342490771690295299,80612021,JacksonLeeTX18,2021-01-02 00:00:00,False,False,,,,,
2020-12-25 17:02:45,1342516139377754114,1112724144427139072,JamesBradleyCA,2020-12-30 00:00:00,False,False,,,,,
2020-12-25 14:32:25,1342478307355459584,1112724144427139072,JamesBradleyCA,2020-12-30 00:00:00,False,False,,,,,
2020-12-25 22:01:25,1342591302269952000,1112724144427139072,JamesBradleyCA,2020-12-30 00:00:00,False,False,,,,,
2020-12-25 13:02:44,1342455737302323201,1112724144427139072,JamesBradleyCA,2020-12-31 00:00:00,False,False,,,,,
2020-12-25 13:35:21,1342463947769839618,1112724144427139072,JamesBradleyCA,2021-01-01 00:00:00,False,False,,,,,
2020-12-25 15:43:52,1342496288366071814,851477335052140544,JasonCrowCO6,2021-01-04 00:00:00,False,False,,,,,
2020-12-25 18:37:19,1342539940035502082,18805303,JeffFortenberry,2020-12-31 00:00:00,False,False,,,,,
2020-12-25 02:00:18,1342289031262916609,223166587,JeffMerkley,2021-01-01 00:00:00,False,False,,,,,
2020-12-25 15:49:11,1342497626495840256,400246874,Jenniffer2012,2020-12-30 00:00:00,False,False,,,,,
2020-12-25 15:00:02,1342485259615694848,7270292,JimInhofe,2021-01-02 00:00:00,False,False,,,,,
2020-12-25 00:01:10,1342259050394902532,18909919,JimLangevin,2021-01-03 00:00:00,False,False,,,,,
2020-12-25 14:20:02,1342475192526925827,18166778,Jim_Jordan,2020-12-30 00:00:00,False,False,,,,,
2020-12-25 03:01:31,1342304438724284417,231510077,JoaquinCastrotx,2020-12-30 00:00:00,False,False,,,,,
2020-12-25 16:19:22,1342505222116151297,231510077,JoaquinCastrotx,2020-12-31 00:00:00,False,False,,,,,
2020-12-25 15:19:00,1342490030787407872,939091,JoeBiden,2020-12-30 00:00:00,False,False,,,,,
2020-12-25 14:10:51,1342472880618168320,826589191412862976,JoeCunninghamSC,2020-12-30 00:00:00,False,False,,,,,
2020-12-25 22:41:14,1342601321409634305,13218102,JohnCornyn,2020-12-30 00:00:00,False,False,,,,,
2020-12-25 00:29:31,1342266187019919365,13218102,JohnCornyn,2021-01-01 00:00:00,False,False,,,,,
2020-12-25 00:53:33,1342272236099661824,13218102,JohnCornyn,2020-12-30 00:00:00,False,False,,,,,
2020-12-25 15:31:39,1342493216722071560,329221989,JohnnyAkzam,2020-12-30 00:00:00,False,False,,,,,
2020-12-25 00:17:28,1342263152092839936,1203990155578761216,JohsieC,2020-12-30 00:00:00,False,False,,,,,
2020-12-25 00:52:00,1342271842887864320,18030431,JudgeCarter,2021-01-01 00:00:00,False,False,,,,,
2020-12-25 19:52:43,1342558912965468162,1149723393245220864,Judson4Congress,2020-12-31 00:00:00,False,False,,,,,
2020-12-25 11:50:06,1342437460727525377,1149723393245220864,Judson4Congress,2021-01-03 00:00:00,False,False,,,,,
2020-12-25 18:37:12,1342539910469791747,1149723393245220864,Judson4Congress,2020-12-30 00:00:00,False,False,,,,,
2020-12-25 19:56:04,1342559756603580421,1149723393245220864,Judson4Congress,2020-12-31 00:00:00,False,False,,,,,
2020-12-25 17:13:32,1342518853474127873,1149723393245220864,Judson4Congress,2020-12-30 00:00:00,False,False,,,,,
2020-12-25 21:03:06,1342576627268595715,1149723393245220864,Judson4Congress,2021-01-02 00:00:00,False,False,,,,,
2020-12-25 20:11:56,1342563750650507264,1149723393245220864,Judson4Congress,2020-12-30 00:00:00,False,False,,,,,
2020-12-25 15:00:02,1342485260710203392,29495695,KLoeffler,2020-12-30 00:00:00,False,False,,,,,
2020-12-25 21:29:00,1342583146110398471,30354991,KamalaHarris,2020-12-30 00:00:00,False,False,,,,,
2020-12-25 15:21:03,1342490547060154371,30354991,KamalaHarris,2020-12-30 00:00:00,False,False,,,,,
2020-12-25 19:33:56,1342554189872967682,17524863,Kanew,2020-12-31 00:00:00,False,False,,,,,
2020-12-25 14:29:46,1342477640414982145,17524863,Kanew,2020-12-30 00:00:00,False,False,,,,,
2020-12-25 13:31:29,1342462973609209856,227426714,Kathy4Truth,2021-01-04 00:00:00,False,False,,,,,
2020-12-25 21:35:46,1342584846984622081,839226269627621376,KatieHill4CA,2020-12-31 00:00:00,False,False,,,,,
2020-12-25 00:12:47,1342261975015849986,1138886434478182401,KimMangone,2020-12-30 00:00:00,False,False,,,,,
2020-12-25 21:13:45,1342579306183028737,1138886434478182401,KimMangone,2020-12-31 00:00:00,False,False,,,,,
2020-12-25 05:58:56,1342349087522381829,834205583637147652,KimOlsonTx,2021-01-02 00:00:00,False,False,,,,,
2020-12-25 16:38:28,1342510030533271552,327689443,KimberlinBrown,2020-12-30 00:00:00,False,False,,,,,
2020-12-25 18:08:28,1342532680148246534,1211735619333808128,KistnerCongress,2021-01-02 00:00:00,False,False,,,,,
2020-12-25 15:01:24,1342485600620978176,1211735619333808128,KistnerCongress,2020-12-31 00:00:00,False,False,,,,,
2020-12-25 22:23:47,1342596933207154690,114388293,KristiNoem,2020-12-30 00:00:00,False,False,,,,,
2020-12-25 03:14:47,1342307778669539329,584912320,LacyClayMO1,2021-01-04 00:00:00,False,False,,,,,
2020-12-25 18:25:59,1342537089158684677,749662181579485184,LacyJohnsonMN,2020-12-30 00:00:00,False,False,,,,,
2020-12-25 17:59:49,1342530504197865473,1029094268542099457,Lancegooden,2020-12-31 00:00:00,False,False,,,,,
2020-12-25 00:50:38,1342271500565536770,806136252454096898,LauraforKansas,2021-01-03 00:00:00,False,False,,,,,
2020-12-25 23:10:14,1342608619838255104,872156132688711681,LaurenUnderwood,2020-12-30 00:00:00,False,False,,,,,
2020-12-25 17:10:08,1342517998683377664,1102987848741998592,LaurenWitzkeDE,2020-12-30 00:00:00,False,False,,,,,
2020-12-25 12:19:07,1342444762327080961,1102987848741998592,LaurenWitzkeDE,2020-12-31 00:00:00,False,False,,,,,
2020-12-25 16:44:50,1342511633965334528,1102987848741998592,LaurenWitzkeDE,2020-12-30 00:00:00,False,False,,,,,
2020-12-25 23:14:29,1342609689910120448,1102987848741998592,LaurenWitzkeDE,2020-12-31 00:00:00,False,False,,,,,
2020-12-25 01:02:58,1342274604606349312,1102987848741998592,LaurenWitzkeDE,2020-12-31 00:00:00,False,False,,,,,
2020-12-25 21:52:11,1342588977904316416,1102987848741998592,LaurenWitzkeDE,2020-12-31 00:00:00,False,False,,,,,
2020-12-25 16:25:32,1342506774490972167,1102987848741998592,LaurenWitzkeDE,2021-01-04 00:00:00,False,False,,,,,
2020-12-25 04:52:05,1342332263619444737,1102987848741998592,LaurenWitzkeDE,2020-12-30 00:00:00,False,False,,,,,
2020-12-25 00:57:13,1342273155122008064,1102987848741998592,LaurenWitzkeDE,2020-12-30 00:00:00,False,False,,,,,
2020-12-25 21:46:23,1342587520278786050,1102987848741998592,LaurenWitzkeDE,2020-12-30 00:00:00,False,False,,,,,
2020-12-25 17:32:09,1342523541997162503,1102987848741998592,LaurenWitzkeDE,2021-01-03 00:00:00,False,False,,,,,
2020-12-25 23:50:42,1342618804279508992,1102987848741998592,LaurenWitzkeDE,2020-12-30 00:00:00,False,False,,,,,
2020-12-25 12:54:55,1342453770844831744,1102987848741998592,LaurenWitzkeDE,2020-12-30 00:00:00,False,False,,,,,
2020-12-25 13:05:34,1342456452137549826,1102987848741998592,LaurenWitzkeDE,2020-12-30 00:00:00,False,False,,,,,
2020-12-25 02:08:31,1342291100938235904,1102987848741998592,LaurenWitzkeDE,2021-01-04 00:00:00,False,False,,,,,
2020-12-25 00:53:19,1342272177312321536,1102987848741998592,LaurenWitzkeDE,2020-12-30 00:00:00,False,False,,,,,
2020-12-25 22:04:53,1342592175528423426,1102987848741998592,LaurenWitzkeDE,2020-12-30 00:00:00,False,False,,,,,
2020-12-25 13:37:20,1342464446342463489,1102987848741998592,LaurenWitzkeDE,2020-12-30 00:00:00,False,False,,,,,
2020-12-25 01:26:53,1342280624590249985,1102987848741998592,LaurenWitzkeDE,2020-12-30 00:00:00,False,False,,,,,
2020-12-25 13:44:51,1342466337545793536,65846554,LeeDugas2001,2020-12-31 00:00:00,False,False,,,,,
2020-12-25 21:12:10,1342578909229895680,1561703689,LiamOMaraIV,2021-01-04 00:00:00,False,False,,,,,
2020-12-25 02:34:10,1342297553312747520,1561703689,LiamOMaraIV,2020-12-31 00:00:00,False,False,,,,,
2020-12-25 17:39:30,1342525390628204545,798547004477599744,LindseyBoylan,2020-12-31 00:00:00,False,False,,,,,
2020-12-25 14:50:02,1342482741221330946,166374616,LouisianaGov,2020-12-30 00:00:00,False,False,,,,,
2020-12-25 18:14:40,1342534238625812481,37094727,MarioDB,2021-01-02 00:00:00,False,False,,,,,
2020-12-25 15:11:03,1342488029206880256,1128753232048685066,MarkCongressGA7,2020-12-30 00:00:00,False,False,,,,,
2020-12-25 19:57:31,1342560120920825856,963480595,MarkMeadows,2020-12-30 00:00:00,False,False,,,,,
2020-12-25 22:06:05,1342592476167729153,7429102,MarkWarner,2020-12-30 00:00:00,False,False,,,,,
2020-12-25 17:03:53,1342516427987808256,7429102,MarkWarner,2020-12-30 00:00:00,False,False,,,,,
2020-12-25 19:30:57,1342553435573522440,278145569,MarshaBlackburn,2020-12-30 00:00:00,False,False,,,,,
2020-12-25 15:30:45,1342492987327037440,278145569,MarshaBlackburn,2020-12-30 00:00:00,False,False,,,,,
2020-12-25 23:24:00,1342612085377798149,278145569,MarshaBlackburn,2020-12-30 00:00:00,False,False,,,,,
2020-12-25 00:16:58,1342263028755165184,278145569,MarshaBlackburn,2020-12-30 00:00:00,False,False,,,,,
2020-12-25 15:37:23,1342494656932835328,1191864003829608448,MarylandNickG,2020-12-31 00:00:00,False,False,,,,,
2020-12-25 15:34:40,1342493972908937217,18023868,MassGovernor,2020-12-31 00:00:00,False,False,,,,,
2020-12-25 15:16:39,1342489439428370432,6672532,MattWhitaker46,2020-12-30 00:00:00,False,False,,,,,
2020-12-25 11:00:26,1342424959361155073,976542720,MayorBowser,2020-12-31 00:00:00,False,False,,,,,
2020-12-25 14:01:22,1342470496642863106,976542720,MayorBowser,2020-12-30 00:00:00,False,False,,,,,
2020-12-25 17:00:01,1342515453026070529,128664931,McGovernMA,2021-01-03 00:00:00,False,False,,,,,
2020-12-25 12:29:34,1342447392310882304,30887511,MikeDeWine,2020-12-30 00:00:00,False,False,,,,,
2020-12-25 15:17:27,1342489639907573760,1114694580232904704,MikeGarcia2020,2021-01-03 00:00:00,False,False,,,,,
2020-12-25 13:19:24,1342459934944997378,4854972139,MikeLarsenOH,2020-12-30 00:00:00,False,False,,,,,
2020-12-25 17:56:43,1342529721788026880,14573926,MikeLevin,2021-01-01 00:00:00,False,False,,,,,
2020-12-25 20:14:11,1342564315497435137,553035232,MikeVilardi,2021-01-02 00:00:00,False,False,,,,,
2020-12-25 13:38:07,1342464642375962624,22203756,Mike_Pence,2020-12-30 00:00:00,False,False,,,,,
2020-12-25 23:40:18,1342616190066290691,22203756,Mike_Pence,2020-12-30 00:00:00,False,False,,,,,
2020-12-25 13:20:54,1342460309391470592,50055701,MittRomney,2020-12-30 00:00:00,False,False,,,,,
2020-12-25 13:20:53,1342460308510670849,50055701,MittRomney,2020-12-30 00:00:00,False,False,,,,,
2020-12-25 13:20:54,1342460310393933826,50055701,MittRomney,2020-12-31 00:00:00,False,False,,,,,
2020-12-25 14:08:46,1342472355495505920,872143958847045632,MondaireJones,2020-12-31 00:00:00,False,False,,,,,
2020-12-25 01:02:10,1342274400830300163,311276757,MrMikeBlake,2020-12-30 00:00:00,False,False,,,,,
2020-12-25 21:41:57,1342586402278690817,311276757,MrMikeBlake,2020-12-30 00:00:00,False,False,,,,,
2020-12-25 18:34:26,1342539212797730818,1022671939939254272,Mr_MAGA1776,2020-12-31 00:00:00,False,False,,,,,
2020-12-25 18:15:12,1342534373313286144,232268199,NYGovCuomo,2020-12-30 00:00:00,False,False,,,,,
2020-12-25 13:45:54,1342466603741548545,232268199,NYGovCuomo,2020-12-30 00:00:00,False,False,,,,,
2020-12-25 14:47:45,1342482165959946242,232268199,NYGovCuomo,2020-12-30 00:00:00,False,False,,,,,
2020-12-25 00:19:14,1342263597418819586,303633791,Nanette4CA,2020-12-31 00:00:00,False,False,,,,,
2020-12-25 09:06:03,1342396177090818048,823261267175555073,NasirShaikhShow,2021-01-04 00:00:00,False,False,,,,,
2020-12-25 17:11:18,1342518291420602370,1356368317,Nate_McMurray,2021-01-03 00:00:00,False,False,,,,,
2020-12-25 21:45:09,1342587211255066624,1356368317,Nate_McMurray,2020-12-31 00:00:00,False,False,,,,,
2020-12-25 22:43:33,1342601907496431616,1356368317,Nate_McMurray,2020-12-30 00:00:00,False,False,,,,,
2020-12-25 02:59:48,1342304007436578816,1356368317,Nate_McMurray,2021-01-04 00:00:00,False,False,,,,,
2020-12-25 22:35:30,1342599879395332101,1356368317,Nate_McMurray,2020-12-30 00:00:00,False,False,,,,,
2020-12-25 06:27:20,1342356232712171521,2720054437,NickForVA,2020-12-30 00:00:00,False,False,,,,,
2020-12-25 19:25:30,1342552065457864704,236279233,NormaJTorres,2020-12-30 00:00:00,False,False,,,,,
2020-12-25 14:00:01,1342470155721293824,164369297,NydiaVelazquez,2020-12-31 00:00:00,False,False,,,,,
2020-12-25 04:33:54,1342327688674078721,760844792616058880,ODonnell4NH,2020-12-31 00:00:00,False,False,,,,,
2020-12-25 16:30:14,1342507958949851139,3023272478,OregonGovBrown,2020-12-30 00:00:00,False,False,,,,,
2020-12-25 13:26:58,1342461839595155456,1179217614545080323,Oseguera2020,2021-01-04 00:00:00,False,False,,,,,
2020-12-25 15:04:02,1342486266999353346,515736574,PascrellforNJ,2020-12-31 00:00:00,False,False,,,,,
2020-12-25 15:00:02,1342485259158388736,1397501864,Perduesenate,2020-12-30 00:00:00,False,False,,,,,
2020-12-25 01:08:00,1342275869507604480,883069589722198018,PeteStauber,2021-01-04 00:00:00,False,False,,,,,
2020-12-25 14:06:00,1342471659693821953,883069589722198018,PeteStauber,2021-01-04 00:00:00,False,False,,,,,
2020-12-25 22:12:06,1342593992223936514,1087073882220064768,PhilArballo2020,2020-12-31 00:00:00,False,False,,,,,
2020-12-25 02:25:14,1342295305643954176,1087073882220064768,PhilArballo2020,2020-12-31 00:00:00,False,False,,,,,
2020-12-25 19:13:38,1342549078404603904,92317603,PhilEhr,2020-12-30 00:00:00,False,False,,,,,
2020-12-25 16:52:21,1342513523897851905,897088756171329536,PiattPatti,2020-12-31 00:00:00,False,False,,,,,
2020-12-25 15:25:03,1342491553558900739,193441812,PramilaJayapal,2020-12-31 00:00:00,False,False,,,,,
2020-12-25 03:13:23,1342307426100506624,85583894,QasimRashid,2021-01-03 00:00:00,False,False,,,,,
2020-12-25 18:15:05,1342534345756712962,85583894,QasimRashid,2020-12-31 00:00:00,False,False,,,,,
2020-12-25 15:36:12,1342494362299719681,85583894,QasimRashid,2020-12-30 00:00:00,False,False,,,,,
2020-12-25 13:10:34,1342457710386819077,85583894,QasimRashid,2020-12-30 00:00:00,False,False,,,,,
2020-12-25 03:06:49,1342305772894642178,85583894,QasimRashid,2021-01-01 00:00:00,False,False,,,,,
2020-12-25 02:39:43,1342298952608215043,85583894,QasimRashid,2020-12-30 00:00:00,False,False,,,,,
2020-12-25 22:48:50,1342603235165659140,85583894,QasimRashid,2020-12-30 00:00:00,False,False,,,,,
2020-12-25 16:38:11,1342509959221751808,85583894,QasimRashid,2020-12-30 00:00:00,False,False,,,,,
2020-12-25 18:22:42,1342536260448038912,85583894,QasimRashid,2020-12-30 00:00:00,False,False,,,,,
2020-12-25 18:10:57,1342533302578720770,85583894,QasimRashid,2020-12-30 00:00:00,False,False,,,,,
2020-12-25 13:29:08,1342462382614966272,216881337,RandPaul,2020-12-30 00:00:00,False,False,,,,,
2020-12-25 15:27:32,1342492181140013059,435331179,RashidaTlaib,2020-12-30 00:00:00,False,False,,,,,
2020-12-25 00:53:12,1342272144856723456,435331179,RashidaTlaib,2020-12-30 00:00:00,False,False,,,,,
2020-12-25 14:27:46,1342477139237605376,46184745,ReElectWittman,2021-01-04 00:00:00,False,False,,,,,
2020-12-25 19:38:42,1342555388663611392,22456513,RealErinCruz,2021-01-03 00:00:00,False,False,,,,,
2020-12-25 23:20:42,1342611253915598848,44774107,RealJohnDennis,2021-01-04 00:00:00,False,False,,,,,
2020-12-25 01:41:36,1342284328030519297,248113252,RealOmarNavarro,2020-12-30 00:00:00,True,False,Election officials have certified Joe Biden as the winner of the U.S. Presidential election,https://twitter.com/i/events/1318573265820921857,,,
2020-12-25 18:38:41,1342540282483548160,149402723,RealSteveCox,2020-12-31 00:00:00,False,False,,,,,
2020-12-25 21:56:33,1342590077042507776,149402723,RealSteveCox,2020-12-30 00:00:00,False,False,,,,,
2020-12-25 07:13:13,1342367781426057220,149402723,RealSteveCox,2021-01-01 00:00:00,False,False,,,,,
2020-12-25 19:30:19,1342553275942502401,1079104563280527364,RepAOC,2020-12-30 00:00:00,False,False,,,,,
2020-12-25 18:01:43,1342530979601108992,29501253,RepAdamSchiff,2020-12-30 00:00:00,False,False,,,,,
2020-12-25 14:16:30,1342474303086989312,2916086925,RepAdams,2020-12-31 00:00:00,False,False,,,,,
2020-12-25 17:11:06,1342518244205342720,818472418620608512,RepAlLawsonJr,2021-01-04 00:00:00,False,False,,,,,
2020-12-25 13:34:24,1342463709139111938,2964526557,RepAlexMooney,2021-01-03 00:00:00,False,False,,,,,
2020-12-25 15:40:40,1342495482921312257,1051446626,RepAnnWagner,2021-01-03 00:00:00,False,False,,,,,
2020-12-25 13:00:01,1342455055476170754,1037341536592310272,RepBalderson,2021-01-01 00:00:00,False,False,,,,,
2020-12-25 16:32:38,1342508561851682818,248735463,RepBarbaraLee,2020-12-31 00:00:00,False,False,,,,,
2020-12-25 00:09:44,1342261206833274881,816833925456789505,RepBarragan,2020-12-30 00:00:00,False,False,,,,,
2020-12-25 16:28:14,1342507452923867136,816833925456789505,RepBarragan,2020-12-30 00:00:00,False,False,,,,,
2020-12-25 01:44:25,1342285033600557056,816833925456789505,RepBarragan,2020-12-31 00:00:00,False,False,,,,,
2020-12-25 15:40:19,1342495397525278721,74054398,RepBarryMoore,2020-12-30 00:00:00,False,False,,,,,
2020-12-25 20:38:16,1342570378871238656,558769636,RepBonamici,2020-12-31 00:00:00,False,False,,,,,
2020-12-25 15:00:01,1342485254704144387,2929491549,RepBrianBabin,2021-01-03 00:00:00,False,False,,,,,
2020-12-25 15:03:18,1342486080944304128,1080978331535896576,RepBrindisi,2020-12-31 00:00:00,False,False,,,,,
2020-12-25 12:00:02,1342439960826155009,1082790600292925440,RepChipRoy,2020-12-31 00:00:00,False,False,,,,,
2020-12-25 15:38:29,1342494934616723457,235190657,RepChuck,2021-01-02 00:00:00,False,False,,,,,
2020-12-25 05:18:11,1342338831299837952,162069635,RepCohen,2020-12-30 00:00:00,False,False,,,,,
2020-12-25 05:12:45,1342337462576803841,162069635,RepCohen,2020-12-30 00:00:00,False,False,,,,,
2020-12-25 16:32:08,1342508438018875392,584012853,RepDLamborn,2020-12-30 00:00:00,False,False,,,,,
2020-12-25 15:00:03,1342485260936818689,996094929733652481,RepDLesko,2020-12-30 00:00:00,False,False,,,,,
2020-12-25 13:40:42,1342465292694413315,789244177,RepDannyDavis,2021-01-01 00:00:00,False,False,,,,,
2020-12-25 14:48:47,1342482428833767424,818713465653051392,RepDarrenSoto,2020-12-31 00:00:00,False,False,,,,,
2020-12-25 04:55:23,1342333095219965953,818713465653051392,RepDarrenSoto,2020-12-30 00:00:00,False,False,,,,,
2020-12-25 14:00:01,1342470153213149185,155669457,RepDavidEPrice,2021-01-04 00:00:00,False,False,,,,,
2020-12-25 14:29:28,1342477566276460544,834069080,RepDavidRouzer,2020-12-31 00:00:00,False,False,,,,,
2020-12-25 16:52:57,1342513675345801216,1080516116395499522,RepDavids,2020-12-31 00:00:00,False,False,,,,,
2020-12-25 17:42:15,1342526082092654592,2968007206,RepDeSaulnier,2021-01-03 00:00:00,False,False,,,,,
2020-12-25 20:04:33,1342561891831455745,1061310112013434882,RepDeanPhillips,2020-12-31 00:00:00,False,False,,,,,
2020-12-25 17:37:37,1342524917405732867,1080695666760929280,RepDebHaaland,2020-12-31 00:00:00,False,False,,,,,
2020-12-25 18:20:05,1342535601007046658,995193054,RepDelBene,2020-12-30 00:00:00,False,False,,,,,
2020-12-25 15:38:20,1342494897178365957,28599820,RepDianaDeGette,2021-01-03 00:00:00,False,False,,,,,
2020-12-25 13:59:07,1342469928364998656,2962868158,RepDonBeyer,2021-01-01 00:00:00,False,False,,,,,
2020-12-25 15:14:00,1342488772651450368,1060487274,RepDougCollins,2020-12-30 00:00:00,False,False,,,,,
2020-12-25 14:10:00,1342472666310172673,1074782372594413569,RepDustyJohnson,2020-12-31 00:00:00,False,False,,,,,
2020-12-25 15:45:03,1342496589089275905,164007407,RepEliotEngel,2021-01-04 00:00:00,False,False,,,,,
2020-12-25 18:09:37,1342532969819492352,817076257770835968,RepEspaillat,2020-12-30 00:00:00,False,False,,,,,
2020-12-25 15:46:55,1342497058960322561,815966620300480514,RepGallagher,2021-01-03 00:00:00,False,False,,,,,
2020-12-25 18:16:22,1342534668868993024,240760644,RepGosar,2020-12-30 00:00:00,False,False,,,,,
2020-12-25 02:23:17,1342294815153786881,1051127714,RepGraceMeng,2021-01-02 00:00:00,False,False,,,,,
2020-12-25 14:15:00,1342473924571967490,1083125649609506816,RepGregSteube,2021-01-02 00:00:00,False,False,,,,,
2020-12-25 13:14:00,1342458573427789826,22669526,RepGwenMoore,2020-12-30 00:00:00,False,False,,,,,
2020-12-25 05:18:10,1342338828166717440,431049342,RepHagan,2020-12-31 00:00:00,False,False,,,,,
2020-12-25 19:18:31,1342550310162718722,1083474782602125318,RepHagedorn,2020-12-30 00:00:00,False,False,,,,,
2020-12-25 00:26:30,1342265427959771137,1075080722241736704,RepHarley,2021-01-03 00:00:00,False,False,,,,,
2020-12-25 18:40:35,1342540760521076737,2433737761,RepHastingsFL,2021-01-02 00:00:00,False,False,,,,,
2020-12-25 17:44:00,1342526521236357120,1071102246,RepHuffman,2021-01-04 00:00:00,False,False,,,,,
2020-12-25 11:56:33,1342439082580963330,1082086081238102018,RepJahanaHayes,2021-01-02 00:00:00,False,False,,,,,
2020-12-25 17:50:40,1342528199130050562,815733290955112448,RepJayapal,2020-12-31 00:00:00,False,False,,,,,
2020-12-25 23:42:39,1342616778736726016,815733290955112448,RepJayapal,2020-12-31 00:00:00,False,False,,,,,
2020-12-25 16:45:17,1342511743906574340,467823431,RepJeffries,2020-12-30 00:00:00,False,False,,,,,
2020-12-25 13:05:00,1342456308839010308,816131319033950208,RepJimBanks,2021-01-04 00:00:00,False,False,,,,,
2020-12-25 13:20:02,1342460093313462275,1064595993222615040,RepJoeMorelle,2020-12-31 00:00:00,False,False,,,,,
2020-12-25 14:00:01,1342470156367355907,254082173,RepJoeWilson,2021-01-03 00:00:00,False,False,,,,,
2020-12-25 13:01:00,1342455302185213953,384913290,RepJohnYarmuth,2020-12-30 00:00:00,False,False,,,,,
2020-12-25 17:00:01,1342515454192082944,1080851152151953410,RepJoshHarder,2020-12-31 00:00:00,False,False,,,,,
2020-12-25 21:36:36,1342585056817102848,1260172386,RepJuanVargas,2020-12-31 00:00:00,False,False,,,,,
2020-12-25 15:28:34,1342492437323915264,193732179,RepJudyChu,2020-12-30 00:00:00,False,False,,,,,
2020-12-25 14:28:04,1342477214428893186,2293131060,RepKClark,2021-01-02 00:00:00,False,False,,,,,
2020-12-25 20:31:27,1342568663010799621,239949176,RepKarenBass,2021-01-01 00:00:00,False,False,,,,,
2020-12-25 20:31:44,1342568735593271298,239949176,RepKarenBass,2021-01-01 00:00:00,False,False,,,,,
2020-12-25 16:08:23,1342502459709808640,1081222837459996672,RepKatiePorter,2020-12-30 00:00:00,False,False,,,,,
2020-12-25 00:26:20,1342265386700591104,2862577383,RepKenBuck,2020-12-30 00:00:00,False,False,,,,,
2020-12-25 16:40:47,1342510612342071301,2862577383,RepKenBuck,2020-12-31 00:00:00,False,False,,,,,
2020-12-25 17:04:46,1342516648205549570,219429281,RepKinzinger,2020-12-31 00:00:00,False,False,,,,,
2020-12-25 15:02:53,1342485976187359234,2750127259,RepLeeZeldin,2020-12-30 00:00:00,False,False,,,,,
2020-12-25 18:38:35,1342540256910966786,312134473,RepLindaSanchez,2020-12-31 00:00:00,False,False,,,,,
2020-12-25 16:59:55,1342515426337685505,1079802482640019456,RepLoriTrahan,2020-12-31 00:00:00,False,False,,,,,
2020-12-25 16:34:21,1342508993110007809,1055730738,RepLowenthal,2021-01-01 00:00:00,False,False,,,,,
2020-12-25 15:00:02,1342485256742572035,1082380458976051202,RepLucyMcBath,2020-12-31 00:00:00,False,False,,,,,
2020-12-25 14:45:05,1342481497220145155,1067541214671577093,RepMGS,2021-01-03 00:00:00,False,False,,,,,
2020-12-25 14:04:22,1342471250095042560,234057152,RepMGriffith,2020-12-30 00:00:00,False,False,,,,,
2020-12-25 16:35:32,1342509292298100736,581141508,RepMarcyKaptur,2021-01-04 00:00:00,False,False,,,,,
2020-12-25 14:35:50,1342479170614472705,1080477288955826176,RepMarkGreen,2020-12-31 00:00:00,False,False,,,,,
2020-12-25 18:06:40,1342532227649990662,1080477288955826176,RepMarkGreen,2021-01-01 00:00:00,False,False,,,,,
2020-12-25 15:23:24,1342491140524810240,1080477288955826176,RepMarkGreen,2020-12-31 00:00:00,False,False,,,,,
2020-12-25 14:28:37,1342477353579147264,1080477288955826176,RepMarkGreen,2020-12-30 00:00:00,False,False,,,,,
2020-12-25 18:49:15,1342542944713101312,1037321378,RepMarkTakano,2021-01-03 00:00:00,False,False,,,,,
2020-12-25 18:11:33,1342533454739742721,2966205003,RepMarkWalker,2020-12-30 00:00:00,False,False,,,,,
2020-12-25 15:00:00,1342485249884909569,818948638890217473,RepMattGaetz,2020-12-30 00:00:00,False,False,,,,,
2020-12-25 12:00:02,1342439960306180096,26424123,RepMcCaul,2020-12-30 00:00:00,False,False,,,,,
2020-12-25 20:15:00,1342564521475416064,242426145,RepMcGovern,2020-12-31 00:00:00,False,False,,,,,
2020-12-25 19:18:04,1342550196283199488,242426145,RepMcGovern,2020-12-31 00:00:00,False,False,,,,,
2020-12-25 03:05:20,1342305399463153664,827279765287559171,RepMikeJohnson,2020-12-31 00:00:00,False,False,,,,,
2020-12-25 16:34:19,1342508985249894402,1072134139560620033,RepMikeLevin,2020-12-31 00:00:00,False,False,,,,,
2020-12-25 15:05:00,1342486507987345414,84119348,RepPaulTonko,2021-01-03 00:00:00,False,False,,,,,
2020-12-25 23:33:39,1342614515263926279,1080584229510172678,RepPressley,2020-12-30 00:00:00,False,False,,,,,
2020-12-25 19:29:28,1342553064960622592,1077446982,RepRWilliams,2020-12-31 00:00:00,False,False,,,,,
2020-12-25 12:59:00,1342454798440947714,2964287128,RepRickAllen,2021-01-02 00:00:00,False,False,,,,,
2020-12-25 16:28:24,1342507498113294337,404132211,RepRickLarsen,2020-12-31 00:00:00,False,False,,,,,
2020-12-25 16:28:25,1342507500701175808,404132211,RepRickLarsen,2021-01-03 00:00:00,False,False,,,,,
2020-12-25 16:09:32,1342502750739955713,404132211,RepRickLarsen,2020-12-31 00:00:00,False,False,,,,,
2020-12-25 15:26:28,1342491911798607872,1080854935535800320,RepRonWright,2021-01-02 00:00:00,False,False,,,,,
2020-12-25 16:58:00,1342514944806322181,1072467470,RepSeanMaloney,2020-12-30 00:00:00,False,False,,,,,
2020-12-25 14:19:23,1342475027116142592,2962813893,RepStefanik,2020-12-31 00:00:00,False,False,,,,,
2020-12-25 00:50:53,1342271564780367872,211420609,RepSteveStivers,2020-12-31 00:00:00,False,False,,,,,
2020-12-25 15:31:35,1342493200037113860,211420609,RepSteveStivers,2021-01-04 00:00:00,False,False,,,,,
2020-12-25 17:41:03,1342525780417536000,1069636653353000962,RepSusanWild,2020-12-31 00:00:00,False,False,,,,,
2020-12-25 13:56:05,1342469167052677120,1079061579973439488,RepSusieLee,2020-12-31 00:00:00,False,False,,,,,
2020-12-25 19:33:00,1342553952034803712,942156122,RepSwalwell,2020-12-30 00:00:00,False,False,,,,,
2020-12-25 19:41:11,1342556014470705152,942156122,RepSwalwell,2020-12-30 00:00:00,False,False,,,,,
2020-12-25 22:58:29,1342605665668390916,942156122,RepSwalwell,2020-12-31 00:00:00,False,False,,,,,
2020-12-25 14:03:28,1342471024177197057,1080587263132733442,RepSylviaGarcia,2020-12-30 00:00:00,False,False,,,,,
2020-12-25 13:35:51,1342464072835616775,817138492614524928,RepTedBudd,2020-12-31 00:00:00,False,False,,,,,
2020-12-25 18:01:08,1342530834864230405,975200486,RepThomasMassie,2020-12-30 00:00:00,False,False,,,,,
2020-12-25 16:08:24,1342502463321075712,975200486,RepThomasMassie,2020-12-30 00:00:00,False,False,,,,,
2020-12-25 23:57:43,1342620571796992000,975200486,RepThomasMassie,2020-12-30 00:00:00,False,False,,,,,
2020-12-25 23:08:56,1342608293005565963,975200486,RepThomasMassie,2020-12-31 00:00:00,False,False,,,,,
2020-12-25 13:38:47,1342464812924743680,975200486,RepThomasMassie,2020-12-30 00:00:00,False,False,,,,,
2020-12-25 01:10:36,1342276526138667008,975200486,RepThomasMassie,2020-12-30 00:00:00,False,False,,,,,
2020-12-25 23:52:06,1342619156655570944,975200486,RepThomasMassie,2020-12-30 00:00:00,False,False,,,,,
2020-12-25 13:27:24,1342461948546461696,975200486,RepThomasMassie,2020-12-30 00:00:00,False,False,,,,,
2020-12-25 01:17:03,1342278149896351747,975200486,RepThomasMassie,2020-12-30 00:00:00,False,False,,,,,
2020-12-25 17:51:19,1342528362674352131,1028854804087492613,RepTimBurchett,2020-12-30 00:00:00,False,False,,,,,
2020-12-25 13:01:00,1342455302227189762,13491312,RepTimRyan,2020-12-31 00:00:00,False,False,,,,,
2020-12-25 19:38:43,1342555392467939328,1080830346915209216,RepTorresSmall,2021-01-03 00:00:00,False,False,,,,,
2020-12-25 15:25:47,1342491740717146112,1080539438508400642,RepUnderwood,2020-12-30 00:00:00,False,False,,,,,
2020-12-25 16:49:39,1342512842843385860,798973032362606600,RepValDemings,2020-12-31 00:00:00,False,False,,,,,
2020-12-25 14:30:00,1342477699315621889,2852998461,RepWesterman,2020-12-31 00:00:00,False,False,,,,,
2020-12-25 16:16:11,1342504423164059648,234014087,RepWilson,2020-12-31 00:00:00,False,False,,,,,
2020-12-25 21:02:11,1342576396133158914,240812994,RepYvetteClarke,2020-12-31 00:00:00,False,False,,,,,
2020-12-25 22:20:53,1342596204308344838,15139258,Revelation1217,2020-12-31 00:00:00,False,False,,,,,
2020-12-25 20:07:16,1342562575683350528,15139258,Revelation1217,2020-12-30 00:00:00,False,False,,,,,
2020-12-25 20:19:14,1342565587143241731,15139258,Revelation1217,2021-01-03 00:00:00,False,False,,,,,
2020-12-25 19:17:51,1342550141186826243,15139258,Revelation1217,2021-01-04 00:00:00,False,False,,,,,
2020-12-25 22:40:05,1342601034821218305,15139258,Revelation1217,2020-12-31 00:00:00,False,False,,,,,
2020-12-25 20:04:47,1342561950513975304,15139258,Revelation1217,2021-01-02 00:00:00,False,False,,,,,
2020-12-25 00:20:06,1342263816437059584,15139258,Revelation1217,2020-12-31 00:00:00,False,False,,,,,
2020-12-25 22:19:09,1342595766678925313,15139258,Revelation1217,2021-01-01 00:00:00,False,False,,,,,
2020-12-25 19:30:56,1342553433639972870,15139258,Revelation1217,2020-12-30 00:00:00,False,False,,,,,
2020-12-25 16:14:03,1342503883520831489,1221242033530195970,ReverendWarnock,2020-12-30 00:00:00,False,False,,,,,
2020-12-25 00:00:21,1342258844261642242,1221242033530195970,ReverendWarnock,2020-12-30 00:00:00,False,False,,,,,
2020-12-25 01:09:00,1342276124194308097,1221242033530195970,ReverendWarnock,2020-12-30 00:00:00,False,False,,,,,
2020-12-25 21:53:57,1342589425000218626,1189317042857316354,RhondaFurin,2020-12-30 00:00:00,False,False,,,,,
2020-12-25 01:12:53,1342277099470659584,1136709465082945538,RichforGA,2020-12-31 00:00:00,False,False,,,,,
2020-12-25 20:30:12,1342568349277048832,2559322231,RitaHartIA,2021-01-03 00:00:00,False,False,,,,,
2020-12-25 19:09:10,1342547954327048194,1247612029,RitchieTorres,2020-12-31 00:00:00,False,False,,,,,
2020-12-25 02:09:03,1342291233088172033,1247612029,RitchieTorres,2020-12-31 00:00:00,False,False,,,,,
2020-12-25 02:17:33,1342293372136992768,771152516,RoKhanna,2021-01-01 00:00:00,False,False,,,,,
2020-12-25 17:06:09,1342516995900764168,771152516,RoKhanna,2020-12-31 00:00:00,False,False,,,,,
2020-12-25 19:59:02,1342560506012430336,963223121363861504,RobAnderson2018,2020-12-30 00:00:00,False,False,,,,,
2020-12-25 03:46:29,1342315755719839746,963223121363861504,RobAnderson2018,2020-12-30 00:00:00,False,False,,,,,
2020-12-25 20:06:55,1342562487783329797,963223121363861504,RobAnderson2018,2020-12-31 00:00:00,False,False,,,,,
2020-12-25 19:32:02,1342553707653816320,963223121363861504,RobAnderson2018,2020-12-30 00:00:00,False,False,,,,,
2020-12-25 16:05:39,1342501769679671297,963223121363861504,RobAnderson2018,2020-12-30 00:00:00,False,False,,,,,
2020-12-25 20:49:04,1342573096960733184,963223121363861504,RobAnderson2018,2021-01-01 00:00:00,False,False,,,,,
2020-12-25 02:20:49,1342294194858164226,963223121363861504,RobAnderson2018,2020-12-30 00:00:00,False,False,,,,,
2020-12-25 00:49:28,1342271206553219072,963223121363861504,RobAnderson2018,2021-01-04 00:00:00,False,False,,,,,
2020-12-25 03:41:33,1342314513887072258,963223121363861504,RobAnderson2018,2020-12-30 00:00:00,False,False,,,,,
2020-12-25 03:05:23,1342305411743981568,18964092,Ron4California,2020-12-31 00:00:00,False,False,,,,,
2020-12-25 13:02:00,1342455553688129536,722555010588872705,RonEstesKS,2021-01-02 00:00:00,False,False,,,,,
2020-12-25 15:58:00,1342499845299466241,1201953403099893760,RonnyJacksonTX,2020-12-30 00:00:00,False,False,,,,,
2020-12-25 17:54:44,1342529222422781953,21269970,RoyBlunt,2020-12-30 00:00:00,False,False,,,,,
2020-12-25 14:18:37,1342474835495165952,21269970,RoyBlunt,2020-12-31 00:00:00,False,False,,,,,
2020-12-25 22:37:59,1342600505579761664,1190382529758597120,RussellFosterTX,2020-12-30 00:00:00,False,False,,,,,
2020-12-25 17:03:42,1342516380772524035,1190382529758597120,RussellFosterTX,2020-12-31 00:00:00,False,False,,,,,
2020-12-25 03:06:26,1342305676018778112,1190382529758597120,RussellFosterTX,2021-01-03 00:00:00,False,False,,,,,
2020-12-25 13:45:01,1342466380176777216,1190382529758597120,RussellFosterTX,2020-12-30 00:00:00,False,False,,,,,
2020-12-25 00:44:57,1342270070169415682,1190382529758597120,RussellFosterTX,2020-12-30 00:00:00,False,False,,,,,
2020-12-25 01:51:53,1342286914515169281,1190382529758597120,RussellFosterTX,2020-12-30 00:00:00,False,False,,,,,
2020-12-25 13:48:07,1342467161202290688,1190382529758597120,RussellFosterTX,2020-12-30 00:00:00,False,False,,,,,
2020-12-25 13:59:45,1342470089296248832,1100153767708819457,SandySmithNC,2021-01-03 00:00:00,False,False,,,,,
2020-12-25 03:17:58,1342308579148259328,1100153767708819457,SandySmithNC,2020-12-30 00:00:00,False,False,,,,,
2020-12-25 23:32:43,1342614278189289473,1458013496,ScherieMurray,2021-01-02 00:00:00,False,False,,,,,
2020-12-25 15:28:02,1342492305366917123,306389855,ScottforFlorida,2020-12-30 00:00:00,False,False,,,,,
2020-12-25 13:33:18,1342463429827817472,42337890,Scotttaylorva,2021-01-01 00:00:00,False,False,,,,,
2020-12-25 16:36:34,1342509553955573761,701825647,SeanParnellUSA,2020-12-30 00:00:00,False,False,,,,,
2020-12-25 11:32:34,1342433049380847620,988573326376427520,SecPompeo,2020-12-30 00:00:00,False,False,,,,,
2020-12-25 18:35:34,1342539498782158848,828613457020870657,SecretaryCarson,2020-12-30 00:00:00,False,False,,,,,
2020-12-25 16:13:59,1342503868354228224,828613457020870657,SecretaryCarson,2020-12-30 00:00:00,False,False,,,,,
2020-12-25 15:01:07,1342485530190245888,836305915452272641,SecretaryRoss,2020-12-30 00:00:00,False,False,,,,,
2020-12-25 13:22:00,1342460586672746497,76649729,SenAlexander,2020-12-30 00:00:00,False,False,,,,,
2020-12-25 13:05:46,1342456503593299969,1068481578,SenAngusKing,2020-12-31 00:00:00,False,False,,,,,
2020-12-25 14:21:43,1342475614884945920,278124059,SenBlumenthal,2020-12-30 00:00:00,False,False,,,,,
2020-12-25 14:10:37,1342472822363357184,171598736,SenBobCasey,2020-12-31 00:00:00,False,False,,,,,
2020-12-25 13:18:46,1342459772881268736,2167097881,SenBooker,2020-12-30 00:00:00,False,False,,,,,
2020-12-25 19:52:08,1342558769620922370,811313565760163844,SenCortezMasto,2020-12-31 00:00:00,False,False,,,,,
2020-12-25 14:00:00,1342470152231612417,941080085121175552,SenDougJones,2021-01-02 00:00:00,False,False,,,,,
2020-12-25 03:08:44,1342306253331116032,1058520120,SenDuckworth,2020-12-30 00:00:00,False,False,,,,,
2020-12-25 19:43:19,1342556548007161863,1058520120,SenDuckworth,2020-12-30 00:00:00,False,False,,,,,
2020-12-25 14:59:35,1342485144037421056,1058520120,SenDuckworth,2020-12-30 00:00:00,False,False,,,,,
2020-12-25 17:27:51,1342522457677320195,476256944,SenFeinstein,2020-12-30 00:00:00,False,False,,,,,
2020-12-25 18:35:31,1342539485159051269,236511574,SenGaryPeters,2020-12-30 00:00:00,False,False,,,,,
2020-12-25 20:44:41,1342571990859866113,72198806,SenGillibrand,2020-12-30 00:00:00,False,False,,,,,
2020-12-25 23:13:40,1342609484280188938,818554054309715969,SenJackyRosen,2021-01-04 00:00:00,False,False,,,,,
2020-12-25 14:55:33,1342484129187827712,818554054309715969,SenJackyRosen,2020-12-31 00:00:00,False,False,,,,,
2020-12-25 17:54:53,1342529259416371206,29201047,SenJeffMerkley,2021-01-03 00:00:00,False,False,,,,,
2020-12-25 14:19:30,1342475059475206145,382791093,SenJohnHoeven,2021-01-01 00:00:00,False,False,,,,,
2020-12-25 14:32:42,1342478379052883969,296361085,SenJohnThune,2020-12-30 00:00:00,False,False,,,,,
2020-12-25 15:58:07,1342499874298884106,2856787757,SenJoniErnst,2020-12-31 00:00:00,False,False,,,,,
2020-12-25 03:02:47,1342304757499588608,803694179079458816,SenKamalaHarris,2020-12-30 00:00:00,False,False,,,,,
2020-12-25 20:35:14,1342569613435924481,803694179079458816,SenKamalaHarris,2020-12-30 00:00:00,False,False,,,,,
2020-12-25 15:16:15,1342489339763298304,21406834,SenMarkey,2021-01-01 00:00:00,False,False,,,,,
2020-12-25 13:24:59,1342461338086498304,88784440,SenMikeLee,2020-12-31 00:00:00,False,False,,,,,
2020-12-25 14:31:27,1342478065830653954,75364211,SenPatRoberts,2020-12-30 00:00:00,False,False,,,,,
2020-12-25 15:53:45,1342498777433837571,131546062,SenRickScott,2020-12-30 00:00:00,False,False,,,,,
2020-12-25 16:15:06,1342504148143464448,233737858,SenRonJohnson,2020-12-30 00:00:00,False,False,,,,,
2020-12-25 16:13:18,1342503696110915589,29442313,SenSanders,2020-12-30 00:00:00,False,False,,,,,
2020-12-25 14:03:23,1342471002480062464,17494010,SenSchumer,2020-12-30 00:00:00,False,False,,,,,
2020-12-25 13:01:03,1342455315917369344,43910797,SenSherrodBrown,2020-12-30 00:00:00,False,False,,,,,
2020-12-25 13:01:03,1342455317620273154,43910797,SenSherrodBrown,2020-12-30 00:00:00,False,False,,,,,
2020-12-25 15:07:05,1342487031105130496,1074480192,SenTedCruz,2020-12-30 00:00:00,False,False,,,,,
2020-12-25 14:00:01,1342470154089680896,234128524,SenToddYoung,2020-12-30 00:00:00,False,False,,,,,
2020-12-25 13:00:01,1342455057191641091,234374703,Sen_JoeManchin,2020-12-31 00:00:00,False,False,,,,,
2020-12-25 14:57:05,1342484515093143552,73238146,SenateDems,2020-12-30 00:00:00,False,False,,,,,
2020-12-25 17:24:35,1342521635283238913,1074518754,SenatorBaldwin,2020-12-30 00:00:00,False,False,,,,,
2020-12-25 16:34:07,1342508933605281792,117501995,SenatorCantwell,2020-12-31 00:00:00,False,False,,,,,
2020-12-25 13:31:46,1342463046854303745,247334603,SenatorDurbin,2020-12-30 00:00:00,False,False,,,,,
2020-12-25 14:21:42,1342475611454005249,946549322,SenatorHassan,2020-12-30 00:00:00,False,False,,,,,
2020-12-25 14:05:01,1342471414620815361,1200451909406121984,SenatorLoeffler,2020-12-30 00:00:00,False,False,,,,,
2020-12-25 13:35:26,1342463968858824706,18695134,SenatorMenendez,2021-01-01 00:00:00,False,False,,,,,
2020-12-25 13:35:26,1342463967193661440,18695134,SenatorMenendez,2020-12-30 00:00:00,False,False,,,,,
2020-12-25 16:09:43,1342502795350564868,1096059529,SenatorRisch,2020-12-31 00:00:00,False,False,,,,,
2020-12-25 17:00:02,1342515456356192257,109287731,SenatorShaheen,2021-01-03 00:00:00,False,False,,,,,
2020-12-25 13:00:02,1342455058802208770,109287731,SenatorShaheen,2021-01-04 00:00:00,False,False,,,,,
2020-12-25 17:00:00,1342515449045659650,1080844782,SenatorSinema,2020-12-30 00:00:00,False,False,,,,,
2020-12-25 14:00:00,1342470151141261312,1080844782,SenatorSinema,2020-12-31 00:00:00,False,False,,,,,
2020-12-25 15:20:03,1342490295624228864,515822213,SenatorTester,2020-12-30 00:00:00,False,False,,,,,
2020-12-25 12:30:00,1342447503267000326,217543151,SenatorTimScott,2020-12-30 00:00:00,False,False,,,,,
2020-12-25 14:06:23,1342471757584863232,60828944,SenatorTomUdall,2021-01-04 00:00:00,False,False,,,,,
2020-12-25 02:00:06,1342288983888433154,1671024336,Senatorspearman,2020-12-31 00:00:00,False,False,,,,,
2020-12-25 17:41:22,1342525860008452097,965004924370079744,ShahidForChange,2021-01-04 00:00:00,False,False,,,,,
2020-12-25 06:10:01,1342351873622167552,965004924370079744,ShahidForChange,2020-12-31 00:00:00,False,False,,,,,
2020-12-25 19:09:58,1342548156366516224,965004924370079744,ShahidForChange,2020-12-31 00:00:00,False,False,,,,,
2020-12-25 23:13:24,1342609419729739776,965004924370079744,ShahidForChange,2020-12-31 00:00:00,False,False,,,,,
2020-12-25 08:47:11,1342391429016907776,965004924370079744,ShahidForChange,2020-12-31 00:00:00,False,False,,,,,
2020-12-25 03:41:04,1342314391153352704,123036487,ShaneTHazel,2021-01-02 00:00:00,False,False,,,,,
2020-12-25 03:56:25,1342318255185211392,1152385955187298304,ShannonFreshour,2021-01-01 00:00:00,False,False,,,,,
2020-12-25 02:05:30,1342290341844705281,1152385955187298304,ShannonFreshour,2021-01-01 00:00:00,False,False,,,,,
2020-12-25 12:58:29,1342454671559061504,1152385955187298304,ShannonFreshour,2020-12-30 00:00:00,False,False,,,,,
2020-12-25 13:53:37,1342468546396377088,1152385955187298304,ShannonFreshour,2020-12-30 00:00:00,False,False,,,,,
2020-12-25 02:03:02,1342289719787401216,1152385955187298304,ShannonFreshour,2020-12-30 00:00:00,False,False,,,,,
2020-12-25 17:43:28,1342526389598081027,403663140,ShireenGhorbani,2021-01-03 00:00:00,False,False,,,,,
2020-12-25 05:48:10,1342346378907828227,403663140,ShireenGhorbani,2020-12-31 00:00:00,False,False,,,,,
2020-12-25 06:41:41,1342359844246806531,382878093,SorenCSorensen,2020-12-31 00:00:00,False,False,,,,,
2020-12-25 14:18:06,1342474704171495424,882958562296819714,SpanbergerVA07,2020-12-30 00:00:00,False,False,,,,,
2020-12-25 19:05:29,1342547028967096320,15764644,SpeakerPelosi,2020-12-30 00:00:00,False,False,,,,,
2020-12-25 15:07:18,1342487085773697024,15764644,SpeakerPelosi,2020-12-30 00:00:00,False,False,,,,,
2020-12-25 01:30:38,1342281566236585988,307808408,SriPKulkarni,2020-12-30 00:00:00,False,False,,,,,
2020-12-25 15:00:01,1342485255480082435,11651202,SteveDaines,2020-12-31 00:00:00,False,False,,,,,
2020-12-25 13:15:30,1342458952131477504,1209417007,SteveScalise,2020-12-30 00:00:00,False,False,,,,,
2020-12-25 15:34:47,1342494002591887361,2746741969,SteveScaliseGOP,2021-01-03 00:00:00,False,False,,,,,
2020-12-25 18:02:28,1342531171121582080,964207385253416960,SteveWoodsmall,2020-12-31 00:00:00,False,False,,,,,
2020-12-25 02:26:58,1342295743676248067,964207385253416960,SteveWoodsmall,2020-12-30 00:00:00,False,False,,,,,
2020-12-25 02:27:53,1342295973687664641,964207385253416960,SteveWoodsmall,2021-01-03 00:00:00,False,False,,,,,
2020-12-25 13:27:00,1342461844791975938,3196215540,TOS_Mitchell,2020-12-30 00:00:00,False,False,,,,,
2020-12-25 13:32:10,1342463147869954049,110798061,TTuberville,2020-12-30 00:00:00,False,False,,,,,
2020-12-25 05:24:06,1342340321905012736,1105326466588323845,TamikaGHamilton,2020-12-31 00:00:00,False,False,,,,,
2020-12-25 14:00:51,1342470364635537408,14377605,TheDemocrats,2020-12-30 00:00:00,False,False,,,,,
2020-12-25 14:00:01,1342470154584649728,23124635,TomColeOK04,2020-12-30 00:00:00,False,False,,,,,
2020-12-25 02:55:55,1342303028922216451,23970171,TomRooney,2020-12-30 00:00:00,False,False,,,,,
2020-12-25 13:01:00,1342455302382350340,603083228,Troy_Balderson,2021-01-01 00:00:00,False,False,,,,,
2020-12-25 18:38:11,1342540159200284673,26637348,TulsiGabbard,2020-12-30 00:00:00,False,False,,,,,
2020-12-25 19:50:02,1342558239209218049,830593660437819392,Vangie4Congress,2020-12-31 00:00:00,False,False,,,,,
2020-12-25 01:50:02,1342286449002078208,830593660437819392,Vangie4Congress,2020-12-31 00:00:00,False,False,,,,,
2020-12-25 15:19:48,1342490233871462400,63150856,VoteMarsha,2020-12-30 00:00:00,False,False,,,,,
2020-12-25 12:48:02,1342452040778326017,958510641228275712,VoteTimmons,2021-01-01 00:00:00,False,False,,,,,
2020-12-25 20:03:06,1342561527400783872,607332953,WVGovernor,2021-01-03 00:00:00,False,False,,,,,
2020-12-25 01:20:24,1342278991978377216,96502351,WendyRogersAZ,2021-01-03 00:00:00,False,False,,,,,
2020-12-25 01:20:25,1342278996260757504,96502351,WendyRogersAZ,2021-01-02 00:00:00,False,False,,,,,
2020-12-25 01:20:23,1342278986399936513,96502351,WendyRogersAZ,2020-12-31 00:00:00,False,False,,,,,
2020-12-25 05:37:50,1342343778158440448,96502351,WendyRogersAZ,2020-12-30 00:00:00,False,False,,,,,
2020-12-25 18:27:18,1342537419673899009,1112744620247662592,WesleyHuntTX,2020-12-30 00:00:00,False,False,,,,,
2020-12-25 15:03:00,1342486004821716992,188019606,WhipClyburn,2021-01-01 00:00:00,False,False,,,,,
2020-12-25 16:00:00,1342500348964069378,2355919591,YoungKimCA,2020-12-30 00:00:00,False,False,,,,,
2020-12-25 14:32:09,1342478241949347841,898787903609765890,Yvette4congress,2020-12-31 00:00:00,False,False,,,,,
2020-12-25 00:03:24,1342259611559202816,1145755891427348482,aVoice4MA6,2021-01-01 00:00:00,False,False,,,,,
2020-12-25 15:43:52,1342496290165424128,33537967,amyklobuchar,2020-12-30 00:00:00,False,False,,,,,
2020-12-25 15:22:06,1342490813377474563,33537967,amyklobuchar,2020-12-31 00:00:00,False,False,,,,,
2020-12-25 00:26:21,1342265387128397826,33537967,amyklobuchar,2020-12-30 00:00:00,False,False,,,,,
2020-12-25 22:24:54,1342597214221328385,702601370344402944,andybiggs4az,2020-12-30 00:00:00,False,False,,,,,
2020-12-25 11:41:33,1342435307703181313,863040334149898240,anthonyvclark20,2020-12-30 00:00:00,False,False,,,,,
2020-12-25 01:49:53,1342286411505029120,863040334149898240,anthonyvclark20,2020-12-30 00:00:00,False,False,,,,,
2020-12-25 14:07:39,1342472077308289030,863040334149898240,anthonyvclark20,2020-12-31 00:00:00,False,False,,,,,
2020-12-25 14:30:03,1342477714557693952,863040334149898240,anthonyvclark20,2020-12-30 00:00:00,False,False,,,,,
2020-12-25 14:54:21,1342483826862415873,863040334149898240,anthonyvclark20,2020-12-30 00:00:00,False,False,,,,,
2020-12-25 03:45:55,1342315609690943493,863040334149898240,anthonyvclark20,2020-12-30 00:00:00,False,False,,,,,
2020-12-25 13:48:00,1342467131150053379,863040334149898240,anthonyvclark20,2020-12-31 00:00:00,False,False,,,,,
2020-12-25 18:01:43,1342530981757120512,863040334149898240,anthonyvclark20,2020-12-30 00:00:00,False,False,,,,,
2020-12-25 04:49:40,1342331653960687618,834857274711670785,candacefor24,2020-12-30 00:00:00,False,False,,,,,
2020-12-25 17:27:49,1342522450190495744,17976923,cathymcmorris,2020-12-30 00:00:00,False,False,,,,,
2020-12-25 01:59:52,1342288923024711680,429227921,cenkuygur,2020-12-30 00:00:00,False,False,,,,,
2020-12-25 03:31:47,1342312055374671873,429227921,cenkuygur,2020-12-30 00:00:00,False,False,,,,,
2020-12-25 16:09:21,1342502701448486913,1257667158,chiproytx,2020-12-31 00:00:00,False,False,,,,,
2020-12-25 17:38:41,1342525185002496001,1257667158,chiproytx,2020-12-31 00:00:00,False,False,,,,,
2020-12-25 16:18:29,1342505000686276615,1257667158,chiproytx,2020-12-31 00:00:00,False,False,,,,,
2020-12-25 19:20:40,1342550851118891009,1257667158,chiproytx,2020-12-31 00:00:00,False,False,,,,,
2020-12-25 03:37:39,1342313533074247680,1257667158,chiproytx,2021-01-01 00:00:00,False,False,,,,,
2020-12-25 15:28:55,1342492525865689088,23318036,chrisjollyhale,2020-12-30 00:00:00,False,False,,,,,
2020-12-25 01:46:16,1342285498744762370,23318036,chrisjollyhale,2020-12-31 00:00:00,False,False,,,,,
2020-12-25 05:45:14,1342345640257466368,23318036,chrisjollyhale,2021-01-04 00:00:00,False,False,,,,,
2020-12-25 16:21:00,1342505632663011328,23318036,chrisjollyhale,2020-12-30 00:00:00,False,False,,,,,
2020-12-25 15:41:44,1342495754443698176,23318036,chrisjollyhale,2021-01-03 00:00:00,False,False,,,,,
2020-12-25 15:04:00,1342486256404602880,50036176,chuck4congress,2021-01-04 00:00:00,False,False,,,,,
2020-12-25 15:00:01,1342485254074892288,262192574,cindyhydesmith,2020-12-31 00:00:00,False,False,,,,,
2020-12-25 20:00:00,1342560746585124870,262192574,cindyhydesmith,2020-12-31 00:00:00,False,False,,,,,
2020-12-25 13:30:05,1342462620041957377,756285384,claudiatenney,2020-12-31 00:00:00,False,False,,,,,
2020-12-25 17:55:29,1342529411485200385,14676022,dccc,2020-12-30 00:00:00,False,False,,,,,
2020-12-25 17:00:01,1342515452623261696,17907578,dinatitus,2020-12-31 00:00:00,False,False,,,,,
2020-12-25 04:10:34,1342321815012716545,807323561924947968,donnaimamTX,2020-12-31 00:00:00,False,False,,,,,
2020-12-25 01:12:04,1342276895392481280,20217019,dougducey,2020-12-31 00:00:00,False,False,,,,,
2020-12-25 17:30:00,1342522998738341892,20217019,dougducey,2020-12-31 00:00:00,False,False,,,,,
2020-12-25 15:30:00,1342492799195746306,20217019,dougducey,2020-12-30 00:00:00,False,False,,,,,
2020-12-25 20:08:21,1342562851010056193,1093282962186092544,eagle4congress,2020-12-31 00:00:00,False,False,,,,,
2020-12-25 01:24:07,1342279926825820163,1093282962186092544,eagle4congress,2020-12-31 00:00:00,False,False,,,,,
2020-12-25 14:26:36,1342476845435015170,1093282962186092544,eagle4congress,2021-01-04 00:00:00,False,False,,,,,
2020-12-25 12:07:01,1342441719502163969,1093282962186092544,eagle4congress,2021-01-04 00:00:00,False,False,,,,,
2020-12-25 00:58:45,1342273543007043586,1093282962186092544,eagle4congress,2020-12-31 00:00:00,False,False,,,,,
2020-12-25 02:44:17,1342300099905523718,1093282962186092544,eagle4congress,2021-01-04 00:00:00,False,False,,,,,
2020-12-25 01:24:56,1342280130157277184,1093282962186092544,eagle4congress,2020-12-31 00:00:00,False,False,,,,,
2020-12-25 01:23:51,1342279857573683202,1093282962186092544,eagle4congress,2021-01-02 00:00:00,False,False,,,,,
2020-12-25 18:26:03,1342537105675747329,377609596,ericswalwell,2020-12-30 00:00:00,False,False,,,,,
2020-12-25 15:41:17,1342495639263977472,357606935,ewarren,2020-12-29 00:00:00,False,False,,,,,
2020-12-25 01:14:01,1342277383123034114,1163837390777212928,gadeforvirginia,2021-01-02 00:00:00,False,False,,,,,
2020-12-25 21:18:55,1342580607705096194,73754019,harrisonjaime,2020-12-30 00:00:00,False,False,,,,,
2020-12-25 13:40:08,1342465151887405057,73754019,harrisonjaime,2020-12-30 00:00:00,False,False,,,,,
2020-12-25 00:27:30,1342265676753489921,73754019,harrisonjaime,2020-12-30 00:00:00,False,False,,,,,
2020-12-25 12:27:08,1342446779808292865,16335288,henrymcmaster,2020-12-31 00:00:00,False,False,,,,,
2020-12-25 02:00:30,1342289082383097856,887363635692969984,hiral4congress,2020-12-30 00:00:00,False,False,,,,,
2020-12-25 22:08:21,1342593047817637890,887363635692969984,hiral4congress,2021-01-04 00:00:00,False,False,,,,,
2020-12-25 13:14:39,1342458736850456576,14425872,janasanchez,2021-01-04 00:00:00,False,False,,,,,
2020-12-25 14:17:22,1342474522604269570,14425872,janasanchez,2020-12-30 00:00:00,False,False,,,,,
2020-12-25 14:04:06,1342471180574478336,14425872,janasanchez,2020-12-30 00:00:00,False,False,,,,,
2020-12-25 22:56:05,1342605060337876993,15361570,jaredpolis,2021-01-01 00:00:00,False,False,,,,,
2020-12-25 12:32:45,1342448191736844288,30767157,jessemermell,2021-01-01 00:00:00,False,False,,,,,
2020-12-25 08:14:20,1342383161469263873,1124665360823848961,joecollins43rd,2020-12-31 00:00:00,False,False,,,,,
2020-12-25 04:09:08,1342321454726037504,1124665360823848961,joecollins43rd,2021-01-03 00:00:00,False,False,,,,,
2020-12-25 01:17:34,1342278280179834880,1124665360823848961,joecollins43rd,2020-12-30 00:00:00,False,False,,,,,
2020-12-25 01:15:58,1342277873592389632,1124665360823848961,joecollins43rd,2020-12-30 00:00:00,False,False,,,,,
2020-12-25 03:57:07,1342318429320179712,78698722,johnrennhack,2021-01-04 00:00:00,False,False,,,,,
2020-12-25 15:10:04,1342487784091774978,233842454,justinamash,2020-12-31 00:00:00,False,False,,,,,
2020-12-25 03:54:56,1342317879916515330,4863545294,kaikahele,2020-12-31 00:00:00,False,False,,,,,
2020-12-25 22:35:49,1342599960429150208,4863545294,kaikahele,2020-12-31 00:00:00,False,False,,,,,
2020-12-25 04:00:38,1342319316666961921,4863545294,kaikahele,2020-12-30 00:00:00,False,False,,,,,
2020-12-25 19:36:30,1342554835451740160,617266600,katieporteroc,2020-12-30 00:00:00,False,False,,,,,
2020-12-25 20:54:30,1342574464886824961,14135426,keithellison,2020-12-31 00:00:00,False,False,,,,,
2020-12-25 02:06:25,1342290570459439104,1094284622723252224,kelnoland2020,2020-12-31 00:00:00,False,False,,,,,
2020-12-25 15:35:44,1342494242804002816,1259714432,kimKBaltimore,2020-12-30 00:00:00,False,False,,,,,
2020-12-25 19:14:29,1342549294860161024,1259714432,kimKBaltimore,2021-01-03 00:00:00,False,False,,,,,
2020-12-25 03:37:46,1342313558642716674,1259714432,kimKBaltimore,2020-12-30 00:00:00,False,False,,,,,
2020-12-25 23:20:55,1342611309213396992,1259714432,kimKBaltimore,2020-12-30 00:00:00,False,False,,,,,
2020-12-25 22:19:34,1342595872606068736,1259714432,kimKBaltimore,2020-12-30 00:00:00,False,False,,,,,
2020-12-25 18:09:55,1342533043026874368,1259714432,kimKBaltimore,2020-12-30 00:00:00,False,False,,,,,
2020-12-25 18:48:04,1342542645323833345,1259714432,kimKBaltimore,2021-01-01 00:00:00,False,False,,,,,
2020-12-25 17:19:59,1342520478385188865,1259714432,kimKBaltimore,2020-12-30 00:00:00,False,False,,,,,
2020-12-25 05:02:00,1342334759079452672,1259714432,kimKBaltimore,2020-12-31 00:00:00,False,False,,,,,
2020-12-25 17:50:01,1342528036357419011,1259714432,kimKBaltimore,2020-12-30 00:00:00,False,False,,,,,
2020-12-25 03:00:08,1342304087904120834,784098236,kishineff,2020-12-31 00:00:00,False,False,,,,,
2020-12-25 00:15:32,1342262667772227584,784098236,kishineff,2020-12-30 00:00:00,False,False,,,,,
2020-12-25 16:51:45,1342513374005841920,784098236,kishineff,2021-01-01 00:00:00,False,False,,,,,
2020-12-25 02:32:16,1342297076835573760,784098236,kishineff,2021-01-04 00:00:00,False,False,,,,,
2020-12-25 07:07:29,1342366339462123520,784098236,kishineff,2020-12-31 00:00:00,False,False,,,,,
2020-12-25 14:30:00,1342477699386724352,20747881,kyrstensinema,2020-12-30 00:00:00,False,False,,,,,
2020-12-25 17:30:00,1342522998440435713,20747881,kyrstensinema,2020-12-31 00:00:00,False,False,,,,,
2020-12-25 00:19:26,1342263646831792129,20747881,kyrstensinema,2020-12-30 00:00:00,False,False,,,,,
2020-12-25 13:04:57,1342456297220956160,1201670995435646976,laurenboebert,2020-12-30 00:00:00,False,False,,,,,
2020-12-25 21:37:09,1342585194830831616,1201670995435646976,laurenboebert,2020-12-30 00:00:00,False,False,,,,,
2020-12-25 13:34:17,1342463677140787200,1187835922118787073,lavern_spicer,2020-12-31 00:00:00,False,False,,,,,
2020-12-25 22:20:12,1342596030207053824,1187835922118787073,lavern_spicer,2020-12-30 00:00:00,False,False,,,,,
2020-12-25 18:14:34,1342534216370810883,1187835922118787073,lavern_spicer,2020-12-31 00:00:00,False,False,,,,,
2020-12-25 16:31:26,1342508260998471680,1187835922118787073,lavern_spicer,2021-01-02 00:00:00,False,False,,,,,
2020-12-25 22:43:17,1342601839955603461,270132611,lindyli,2020-12-30 00:00:00,False,False,,,,,
2020-12-25 18:20:28,1342535698977587201,270132611,lindyli,2020-12-30 00:00:00,False,False,,,,,
2020-12-25 01:21:53,1342279365074280448,270132611,lindyli,2020-12-30 00:00:00,False,False,,,,,
2020-12-25 20:15:41,1342564694842875908,15745368,marcorubio,2020-12-30 00:00:00,False,False,,,,,
2020-12-25 21:31:54,1342583876158369796,15745368,marcorubio,2020-12-30 00:00:00,False,False,,,,,
2020-12-25 18:29:39,1342538011897192454,92186819,maziehirono,2020-12-30 00:00:00,False,False,,,,,
2020-12-25 16:07:20,1342502193245679616,1218592907134980096,melissawatsonf1,2021-01-04 00:00:00,False,False,,,,,
2020-12-25 01:15:00,1342277630943367168,15751083,michaelcburgess,2021-01-03 00:00:00,False,False,,,,,
2020-12-25 13:37:03,1342464375043616769,833673914,michaelgwaltz,2021-01-03 00:00:00,False,False,,,,,
2020-12-25 20:30:18,1342568372236673033,833673914,michaelgwaltz,2021-01-01 00:00:00,False,False,,,,,
2020-12-25 17:51:47,1342528480290992129,833673914,michaelgwaltz,2021-01-03 00:00:00,False,False,,,,,
2020-12-25 14:13:27,1342473536586264577,18131106,millermeeks,2020-12-31 00:00:00,False,False,,,,,
2020-12-25 15:10:27,1342487879885467649,30540789,montaga,2020-12-31 00:00:00,False,False,,,,,
2020-12-25 20:22:41,1342566455942922240,30540789,montaga,2020-12-30 00:00:00,False,False,,,,,
2020-12-25 20:20:21,1342565870640324608,30540789,montaga,2020-12-30 00:00:00,False,False,,,,,
2020-12-25 21:20:18,1342580957488898049,30540789,montaga,2021-01-04 00:00:00,False,False,,,,,
2020-12-25 23:34:51,1342614815609679872,826065164504006657,mtgreenee,2020-12-30 00:00:00,False,False,,,,,
2020-12-25 01:17:01,1342278138638823425,826065164504006657,mtgreenee,2020-12-30 00:00:00,False,False,,,,,
2020-12-25 03:50:46,1342316833597218817,826065164504006657,mtgreenee,2020-12-30 00:00:00,False,False,,,,,
2020-12-25 12:46:04,1342451546953560065,826065164504006657,mtgreenee,2020-12-29 00:00:00,False,False,,,,,
2020-12-25 23:49:47,1342618576549797888,826065164504006657,mtgreenee,2020-12-30 00:00:00,True,False,Election officials have certified Joe Biden as the winner of the U.S. Presidential election,https://twitter.com/i/events/1318573265820921857,,,
2020-12-25 13:36:06,1342464136802873344,826065164504006657,mtgreenee,2020-12-30 00:00:00,False,False,,,,,
2020-12-25 01:49:18,1342286265740386304,521747968,ossoff,2020-12-30 00:00:00,False,False,,,,,
2020-12-25 13:21:40,1342460502744641536,39334221,pastormarkburns,2021-01-02 00:00:00,False,False,,,,,
2020-12-25 19:35:41,1342554629503070210,18327000,paulajean2020,2020-12-30 00:00:00,False,False,,,,,
2020-12-25 18:12:44,1342533753537748994,18327000,paulajean2020,2021-01-02 00:00:00,False,False,,,,,
2020-12-25 17:50:28,1342528149003841537,18327000,paulajean2020,2021-01-03 00:00:00,False,False,,,,,
2020-12-25 13:34:30,1342463731989680130,16275936,rachbarnhart,2020-12-31 00:00:00,False,False,,,,,
2020-12-25 19:36:28,1342554825465196544,25073877,realDonaldTrump,2020-12-29 00:00:00,False,False,,,,,
2020-12-25 19:38:40,1342555377951510528,25073877,realDonaldTrump,2020-12-29 00:00:00,False,False,,,,,
2020-12-25 19:42:17,1342556287872233474,25073877,realDonaldTrump,2020-12-29 00:00:00,False,False,,,,,
2020-12-25 19:53:44,1342559171649167366,25073877,realDonaldTrump,2020-12-29 00:00:00,False,False,,,,,
2020-12-25 13:32:32,1342463237841948672,25073877,realDonaldTrump,2020-12-29 00:00:00,False,False,,,,,
2020-12-25 03:05:08,1342305347772493824,913308968809672705,realannapaulina,2021-01-02 00:00:00,False,False,,,,,
2020-12-25 14:32:02,1342478212098629637,913308968809672705,realannapaulina,2020-12-31 00:00:00,False,False,,,,,
2020-12-25 19:03:39,1342546565207126017,19318314,repbenraylujan,2021-01-01 00:00:00,False,False,,,,,
2020-12-25 17:00:00,1342515450500898817,122174004,repdinatitus,2021-01-03 00:00:00,False,False,,,,,
2020-12-25 14:44:50,1342481433592541185,22523087,repjimcooper,2020-12-30 00:00:00,False,False,,,,,
2020-12-25 00:11:59,1342261774716952576,1206227149,repmarkpocan,2020-12-30 00:00:00,False,False,,,,,
2020-12-25 17:15:24,1342519323152297985,1206227149,repmarkpocan,2020-12-31 00:00:00,False,False,,,,,
2020-12-25 14:26:36,1342476844138950657,22524908,rontkim,2021-01-04 00:00:00,False,False,,,,,
2020-12-25 02:01:37,1342289361937854464,22524908,rontkim,2021-01-01 00:00:00,False,False,,,,,
2020-12-25 02:29:57,1342296493261254656,26356989,sairasameerarao,2020-12-30 00:00:00,False,False,,,,,
2020-12-25 13:00:02,1342455058382786564,1249982359,senatemajldr,2020-12-30 00:00:00,False,False,,,,,
2020-12-25 13:16:47,1342459275285848064,2863210809,sendavidperdue,2020-12-30 00:00:00,False,False,,,,,
2020-12-25 00:58:55,1342273586095124480,18915145,senrobportman,2020-12-30 00:00:00,False,False,,,,,
2020-12-25 20:08:18,1342562835377876992,18915145,senrobportman,2020-12-30 00:00:00,False,False,,,,,
2020-12-25 16:48:21,1342512515780120577,18915145,senrobportman,2021-01-02 00:00:00,False,False,,,,,
2020-12-25 13:34:27,1342463719784116224,21063394,smenor,2021-01-02 00:00:00,False,False,,,,,
2020-12-25 15:43:51,1342496285564268544,20113797,stabenow,2021-01-01 00:00:00,False,False,,,,,
2020-12-25 16:22:28,1342506004907393025,33299474,suzettemartinez,2021-01-03 00:00:00,False,False,,,,,
2020-12-25 20:00:16,1342560814868221952,1189206039335276544,tandon4congress,2020-12-30 00:00:00,False,False,,,,,
2020-12-25 13:58:29,1342469769094721541,259341329,tatereeves,2021-01-04 00:00:00,False,False,,,,,
2020-12-25 02:44:55,1342300261801332737,23022687,tedcruz,2020-12-30 00:00:00,False,False,,,,,
2020-12-25 19:32:07,1342553730932219912,23022687,tedcruz,2020-12-29 00:00:00,False,False,,,,,
2020-12-25 02:39:13,1342298826330288128,23022687,tedcruz,2020-12-30 00:00:00,False,False,,,,,
2020-12-25 02:05:52,1342290431929950208,23022687,tedcruz,2020-12-30 00:00:00,False,False,,,,,
2020-12-25 19:13:45,1342549106674159616,21059255,tedlieu,2020-12-30 00:00:00,False,False,,,,,
2020-12-25 13:05:10,1342456350740197377,332590264,theangiestanton,2020-12-31 00:00:00,False,False,,,,,
2020-12-25 22:56:35,1342605186272026625,332590264,theangiestanton,2021-01-01 00:00:00,False,False,,,,,
2020-12-25 19:43:48,1342556669352538112,332590264,theangiestanton,2020-12-30 00:00:00,False,False,,,,,
2020-12-25 11:16:30,1342429004364701697,332590264,theangiestanton,2020-12-30 00:00:00,False,False,,,,,
2020-12-25 13:18:38,1342459739553337344,332590264,theangiestanton,2020-12-30 00:00:00,False,False,,,,,
2020-12-25 19:28:36,1342552847334985733,332590264,theangiestanton,2020-12-30 00:00:00,False,False,,,,,
2020-12-25 11:35:19,1342433738043641856,332590264,theangiestanton,2020-12-30 00:00:00,False,False,,,,,
2020-12-25 11:58:35,1342439595431100423,332590264,theangiestanton,2020-12-30 00:00:00,False,False,,,,,
2020-12-25 13:20:17,1342460154713923585,332590264,theangiestanton,2020-12-30 00:00:00,False,False,,,,,
2020-12-25 17:23:43,1342521419591282690,332590264,theangiestanton,2020-12-30 00:00:00,False,False,,,,,
2020-12-25 11:25:29,1342431263655919618,332590264,theangiestanton,2021-01-03 00:00:00,False,False,,,,,
2020-12-25 21:10:02,1342578374003335173,353890966,timburchett,2021-01-03 00:00:00,False,False,,,,,
2020-12-25 14:31:43,1342478132461371403,172858784,timkaine,2020-12-31 00:00:00,False,False,,,,,
2020-12-25 20:24:24,1342566888652603397,3404875323,val_demings,2020-12-31 00:00:00,False,False,,,,,
2020-12-25 15:08:25,1342487366624280576,38960144,vgescobar,2020-12-31 00:00:00,False,False,,,,,
2020-12-25 12:56:06,1342454071282835457,16256269,virginiafoxx,2020-12-30 00:00:00,False,False,,,,,
2020-12-25 01:00:15,1342273922163683328,822185179477315584,wandavazquezg,2020-12-30 00:00:00,False,False,,,,,
2020-12-25 12:45:05,1342451299137294337,822185179477315584,wandavazquezg,2020-12-30 00:00:00,False,False,,,,,
2020-12-25 13:34:24,1342463709441118209,112651673,womack4congress,2021-01-04 00:00:00,False,False,,,,,
2020-12-25 16:10:08,1342502901437124609,600663197,xjelliott,2021-01-01 00:00:00,False,False,,,,,
2020-12-25 16:27:36,1342507296329527297,600663197,xjelliott,2020-12-31 00:00:00,False,False,,,,,
2020-12-25 18:07:33,1342532449717334018,18592146,yrnf,2020-12-31 00:00:00,False,False,,,,,
